name,price,Is it a 3D Printer?,dimensions (mm),type,speed (mm/s),rating,review,link
ELEGOO Neptune 4 Max,719.99, yes, 420 x 420 x 480, FDM,500,4.2,551 ratings,https://www.amazon.ca/sspa/click?ie=UTF8&spc=MToxMjQ3OTQ5Mzc4MzE2OTEzOjE3MjczODAzOTI6c3BfYXRmOjMwMDE4MzIyMTI3NjkwMjo6MDo6&url=%2FELEGOO-Neptune-Max-High-Speed-420x420x480mm%2Fdp%2FB0CQNQ3LZP%2Fref%3Dsr_1_1_sspa%3Fcrid%3D2FEGPDXUL9K1Y%26dib%3DeyJ2IjoiMSJ9.LyaBYEwiCDr7WFi1yfwecQpk6Y0Xgt2zD7mGGcGIwUMeA20yeoJW_vCmgf97iLv6h-yRRyYYqOFIFPAH83vaN5Emrw5Q3cXKXTJi_7Hei6sNeROQ9SLrsddpcJwJ2_pw-O-x83plgumMmqD35w8jdHQt-p0IK5bqdfBi0tA2MfzAhIf1dBY69lH2Epp-5ESheImgEm9YTL6L6iMi55nFtiBf2yF4d3kl7Mtxtqitt-mvnZqq6tZ6wY569EsZkG4LM5CLgrTkjWhTyocc91hVSc_GXb9W904w99PsGSeAKH4.LJsUa-wjTrstP--fXeYIQ6LDtpFUUb1AFG-HaMxIp8Q%26dib_tag%3Dse%26keywords%3D3D%2BPrinters%26qid%3D1727380392%26sprefix%3D3d%2Bprinters%252Caps%252C146%26sr%3D8-1-spons%26sp_csd%3Dd2lkZ2V0TmFtZT1zcF9hdGY%26psc%3D1
Sovol SV06 Plus,459.99, Yes, 300 x 300 x 340, FDM,250,4,623 ratings,https://www.amazon.ca/sspa/click?ie=UTF8&spc=MToxMjQ3OTQ5Mzc4MzE2OTEzOjE3MjczODAzOTI6c3BfYXRmOjMwMDAwMjA0NTUzNTYwMjo6MDo6&url=%2FSovol-SV06-Plus-Planetary-300x300x340mm%2Fdp%2FB0BXKK765N%2Fref%3Dsr_1_2_sspa%3Fcrid%3D2FEGPDXUL9K1Y%26dib%3DeyJ2IjoiMSJ9.LyaBYEwiCDr7WFi1yfwecQpk6Y0Xgt2zD7mGGcGIwUMeA20yeoJW_vCmgf97iLv6h-yRRyYYqOFIFPAH83vaN5Emrw5Q3cXKXTJi_7Hei6sNeROQ9SLrsddpcJwJ2_pw-O-x83plgumMmqD35w8jdHQt-p0IK5bqdfBi0tA2MfzAhIf1dBY69lH2Epp-5ESheImgEm9YTL6L6iMi55nFtiBf2yF4d3kl7Mtxtqitt-mvnZqq6tZ6wY569EsZkG4LM5CLgrTkjWhTyocc91hVSc_GXb9W904w99PsGSeAKH4.LJsUa-wjTrstP--fXeYIQ6LDtpFUUb1AFG-HaMxIp8Q%26dib_tag%3Dse%26keywords%3D3D%2BPrinters%26qid%3D1727380392%26sprefix%3D3d%2Bprinters%252Caps%252C146%26sr%3D8-2-spons%26sp_csd%3Dd2lkZ2V0TmFtZT1zcF9hdGY%26psc%3D1
FLASHFORGE Adventurer 5M,549, Yes, 220 x 220 x 220, FDM,600,4.1,85 ratings,https://www.amazon.ca/sspa/click?ie=UTF8&spc=MToxMjQ3OTQ5Mzc4MzE2OTEzOjE3MjczODAzOTI6c3BfYXRmOjMwMDE1OTE0MDI3MzEwMjo6MDo6&url=%2FFLASHFORGE-Adventurer-Detachable-Structure-220x220x200mm%2Fdp%2FB0CJRF1N7R%2Fref%3Dsr_1_3_sspa%3Fcrid%3D2FEGPDXUL9K1Y%26dib%3DeyJ2IjoiMSJ9.LyaBYEwiCDr7WFi1yfwecQpk6Y0Xgt2zD7mGGcGIwUMeA20yeoJW_vCmgf97iLv6h-yRRyYYqOFIFPAH83vaN5Emrw5Q3cXKXTJi_7Hei6sNeROQ9SLrsddpcJwJ2_pw-O-x83plgumMmqD35w8jdHQt-p0IK5bqdfBi0tA2MfzAhIf1dBY69lH2Epp-5ESheImgEm9YTL6L6iMi55nFtiBf2yF4d3kl7Mtxtqitt-mvnZqq6tZ6wY569EsZkG4LM5CLgrTkjWhTyocc91hVSc_GXb9W904w99PsGSeAKH4.LJsUa-wjTrstP--fXeYIQ6LDtpFUUb1AFG-HaMxIp8Q%26dib_tag%3Dse%26keywords%3D3D%2BPrinters%26qid%3D1727380392%26sprefix%3D3d%2Bprinters%252Caps%252C146%26sr%3D8-3-spons%26sp_csd%3Dd2lkZ2V0TmFtZT1zcF9hdGY%26psc%3D1
ANYCUBIC Photon Mono M5s Pro,662.99, Yes, 224 x 126 x 200, SLA,120,4.4,"1,031 ratings",https://www.amazon.ca/sspa/click?ie=UTF8&spc=MToxMjQ3OTQ5Mzc4MzE2OTEzOjE3MjczODAzOTI6c3BfYXRmOjMwMDIxMzA3NTI4NzIwMjo6MDo6&url=%2FANYCUBIC-Printing-Leveling-Free-Intelligent-Detection%2Fdp%2FB0CQC4ZPZ6%2Fref%3Dsr_1_4_sspa%3Fcrid%3D2FEGPDXUL9K1Y%26dib%3DeyJ2IjoiMSJ9.LyaBYEwiCDr7WFi1yfwecQpk6Y0Xgt2zD7mGGcGIwUMeA20yeoJW_vCmgf97iLv6h-yRRyYYqOFIFPAH83vaN5Emrw5Q3cXKXTJi_7Hei6sNeROQ9SLrsddpcJwJ2_pw-O-x83plgumMmqD35w8jdHQt-p0IK5bqdfBi0tA2MfzAhIf1dBY69lH2Epp-5ESheImgEm9YTL6L6iMi55nFtiBf2yF4d3kl7Mtxtqitt-mvnZqq6tZ6wY569EsZkG4LM5CLgrTkjWhTyocc91hVSc_GXb9W904w99PsGSeAKH4.LJsUa-wjTrstP--fXeYIQ6LDtpFUUb1AFG-HaMxIp8Q%26dib_tag%3Dse%26keywords%3D3D%2BPrinters%26qid%3D1727380392%26sprefix%3D3d%2Bprinters%252Caps%252C146%26sr%3D8-4-spons%26sp_csd%3Dd2lkZ2V0TmFtZT1zcF9hdGY%26psc%3D1
AnkerMake M5C 3D Printer,369.95, Yes, 220 x 220 x 250, FDM,500,4.3,371 ratings,https://www.amazon.ca/AnkerMake-High-Speed-Multi-Device-Auto-Leveling-220%C3%97220%C3%97250/dp/B0C2HMQB15/ref=sr_1_5?crid=2FEGPDXUL9K1Y&dib=eyJ2IjoiMSJ9.LyaBYEwiCDr7WFi1yfwecQpk6Y0Xgt2zD7mGGcGIwUMeA20yeoJW_vCmgf97iLv6h-yRRyYYqOFIFPAH83vaN5Emrw5Q3cXKXTJi_7Hei6sNeROQ9SLrsddpcJwJ2_pw-O-x83plgumMmqD35w8jdHQt-p0IK5bqdfBi0tA2MfzAhIf1dBY69lH2Epp-5ESheImgEm9YTL6L6iMi55nFtiBf2yF4d3kl7Mtxtqitt-mvnZqq6tZ6wY569EsZkG4LM5CLgrTkjWhTyocc91hVSc_GXb9W904w99PsGSeAKH4.LJsUa-wjTrstP--fXeYIQ6LDtpFUUb1AFG-HaMxIp8Q&dib_tag=se&keywords=3D+Printers&qid=1727380392&sprefix=3d+printers%2Caps%2C146&sr=8-5
ELEGOO Neptune 3 Pro,335.99, yes, 225 x 225 x 280, FDM, N/A,4.2,551 ratings,https://www.amazon.ca/ELEGOO-Dual-Gear-Removable-Capacitive-225x225x280mm/dp/B0BJCQ993L/ref=sr_1_6?crid=2FEGPDXUL9K1Y&dib=eyJ2IjoiMSJ9.LyaBYEwiCDr7WFi1yfwecQpk6Y0Xgt2zD7mGGcGIwUMeA20yeoJW_vCmgf97iLv6h-yRRyYYqOFIFPAH83vaN5Emrw5Q3cXKXTJi_7Hei6sNeROQ9SLrsddpcJwJ2_pw-O-x83plgumMmqD35w8jdHQt-p0IK5bqdfBi0tA2MfzAhIf1dBY69lH2Epp-5ESheImgEm9YTL6L6iMi55nFtiBf2yF4d3kl7Mtxtqitt-mvnZqq6tZ6wY569EsZkG4LM5CLgrTkjWhTyocc91hVSc_GXb9W904w99PsGSeAKH4.LJsUa-wjTrstP--fXeYIQ6LDtpFUUb1AFG-HaMxIp8Q&dib_tag=se&keywords=3D+Printers&qid=1727380392&sprefix=3d+printers%2Caps%2C146&sr=8-6
ANYCUBIC Kobra 2 Neo,359.99, Yes, 220 x 220 x 250, FDM,250,4,242 ratings,https://www.amazon.ca/ANYCUBIC-Leveling-Self-Developed-Removable-8-7x8-7x9-84/dp/B09QCNQ2BY/ref=sr_1_7?crid=2FEGPDXUL9K1Y&dib=eyJ2IjoiMSJ9.LyaBYEwiCDr7WFi1yfwecQpk6Y0Xgt2zD7mGGcGIwUMeA20yeoJW_vCmgf97iLv6h-yRRyYYqOFIFPAH83vaN5Emrw5Q3cXKXTJi_7Hei6sNeROQ9SLrsddpcJwJ2_pw-O-x83plgumMmqD35w8jdHQt-p0IK5bqdfBi0tA2MfzAhIf1dBY69lH2Epp-5ESheImgEm9YTL6L6iMi55nFtiBf2yF4d3kl7Mtxtqitt-mvnZqq6tZ6wY569EsZkG4LM5CLgrTkjWhTyocc91hVSc_GXb9W904w99PsGSeAKH4.LJsUa-wjTrstP--fXeYIQ6LDtpFUUb1AFG-HaMxIp8Q&dib_tag=se&keywords=3D+Printers&qid=1727380392&sprefix=3d+printers%2Caps%2C146&sr=8-7
ELEGOO Mars 4,329.99, Yes, 153.36 x 77.76 x 175, MSLA, N/A,4.4,857 ratings,https://www.amazon.ca/sspa/click?ie=UTF8&spc=MTo3MDU3NzQ0NjA2Njg2ODc6MTcyNzM4MDM5MjpzcF9zZWFyY2hfdGhlbWF0aWM6MzAwMDU1NDY0NDYwNzAyOjowOjo&url=%2FELEGOO-Photocuring-Monochrome-153-36x77-76x175-6-04x3-06x6-89%2Fdp%2FB0BKFLY923%2Fref%3Dsxin_15_pa_sp_search_thematic_sspa%3Fcontent-id%3Damzn1.sym.46621be6-fabe-4126-8501-d32c96c42a24%253Aamzn1.sym.46621be6-fabe-4126-8501-d32c96c42a24%26crid%3D2FEGPDXUL9K1Y%26cv_ct_cx%3D3D%2BPrinters%26dib%3DeyJ2IjoiMSJ9.HJawrJvg-kRWD8B8TUu27lX8CCVs605lAvyvsPwuB3ZBKJJSCP9fFXBCMYlGv6K5x0xVNUdR-f7x0KNbMuxOuQ.4-skHaAJtmDS9fy7H53qRdfxI6TLeu2wQ15PUy1Huxk%26dib_tag%3Dse%26keywords%3D3D%2BPrinters%26pd_rd_i%3DB0BKFLY923%26pd_rd_r%3D5d0408b0-658c-4b49-97bd-53946e0e76b4%26pd_rd_w%3DkH8zb%26pd_rd_wg%3DqyHZz%26pf_rd_p%3D46621be6-fabe-4126-8501-d32c96c42a24%26pf_rd_r%3D3MB69SWSJANE7ZVBS4Y2%26qid%3D1727380392%26sbo%3DRZvfv%252F%252FHxDF%252BO5021pAnSA%253D%253D%26sprefix%3D3d%2Bprinters%252Caps%252C146%26sr%3D1-1-acb80629-ce74-4cc5-9423-11e8801573fb-spons%26sp_csd%3Dd2lkZ2V0TmFtZT1zcF9zZWFyY2hfdGhlbWF0aWM%26psc%3D1
Sovol SV06 Plus,459.99, yes, 298 x 298 x 340, FDM,250,4,623 ratings,https://www.amazon.ca/sspa/click?ie=UTF8&spc=MTo3MDU3NzQ0NjA2Njg2ODc6MTcyNzM4MDM5MjpzcF9zZWFyY2hfdGhlbWF0aWM6MzAwMDAyMDQ1NTM1NjAyOjoxOjo&url=%2FSovol-SV06-Plus-Planetary-300x300x340mm%2Fdp%2FB0BXKK765N%2Fref%3Dsxin_15_pa_sp_search_thematic_sspa%3Fcontent-id%3Damzn1.sym.46621be6-fabe-4126-8501-d32c96c42a24%253Aamzn1.sym.46621be6-fabe-4126-8501-d32c96c42a24%26crid%3D2FEGPDXUL9K1Y%26cv_ct_cx%3D3D%2BPrinters%26dib%3DeyJ2IjoiMSJ9.HJawrJvg-kRWD8B8TUu27lX8CCVs605lAvyvsPwuB3ZBKJJSCP9fFXBCMYlGv6K5x0xVNUdR-f7x0KNbMuxOuQ.4-skHaAJtmDS9fy7H53qRdfxI6TLeu2wQ15PUy1Huxk%26dib_tag%3Dse%26keywords%3D3D%2BPrinters%26pd_rd_i%3DB0BXKK765N%26pd_rd_r%3D5d0408b0-658c-4b49-97bd-53946e0e76b4%26pd_rd_w%3DkH8zb%26pd_rd_wg%3DqyHZz%26pf_rd_p%3D46621be6-fabe-4126-8501-d32c96c42a24%26pf_rd_r%3D3MB69SWSJANE7ZVBS4Y2%26qid%3D1727380392%26sbo%3DRZvfv%252F%252FHxDF%252BO5021pAnSA%253D%253D%26sprefix%3D3d%2Bprinters%252Caps%252C146%26sr%3D1-2-acb80629-ce74-4cc5-9423-11e8801573fb-spons%26sp_csd%3Dd2lkZ2V0TmFtZT1zcF9zZWFyY2hfdGhlbWF0aWM%26psc%3D1
ANYCUBIC Photon Mono M7 Pro,889.99, Yes, 222.5 x 126 x 230, SLA,170,4.3,668 ratings,https://www.amazon.ca/sspa/click?ie=UTF8&spc=MTo3MDU3NzQ0NjA2Njg2ODc6MTcyNzM4MDM5MjpzcF9zZWFyY2hfdGhlbWF0aWM6MzAwMjQyNTE0OTU5NTAyOjoyOjo&url=%2FANYCUBIC-Printing-LighTurbo-Temperature-Controlled%2Fdp%2FB0CZQTLSR4%2Fref%3Dsxin_15_pa_sp_search_thematic_sspa%3Fcontent-id%3Damzn1.sym.46621be6-fabe-4126-8501-d32c96c42a24%253Aamzn1.sym.46621be6-fabe-4126-8501-d32c96c42a24%26crid%3D2FEGPDXUL9K1Y%26cv_ct_cx%3D3D%2BPrinters%26dib%3DeyJ2IjoiMSJ9.HJawrJvg-kRWD8B8TUu27lX8CCVs605lAvyvsPwuB3ZBKJJSCP9fFXBCMYlGv6K5x0xVNUdR-f7x0KNbMuxOuQ.4-skHaAJtmDS9fy7H53qRdfxI6TLeu2wQ15PUy1Huxk%26dib_tag%3Dse%26keywords%3D3D%2BPrinters%26pd_rd_i%3DB0CZQTLSR4%26pd_rd_r%3D5d0408b0-658c-4b49-97bd-53946e0e76b4%26pd_rd_w%3DkH8zb%26pd_rd_wg%3DqyHZz%26pf_rd_p%3D46621be6-fabe-4126-8501-d32c96c42a24%26pf_rd_r%3D3MB69SWSJANE7ZVBS4Y2%26qid%3D1727380392%26sbo%3DRZvfv%252F%252FHxDF%252BO5021pAnSA%253D%253D%26sprefix%3D3d%2Bprinters%252Caps%252C146%26sr%3D1-3-acb80629-ce74-4cc5-9423-11e8801573fb-spons%26sp_csd%3Dd2lkZ2V0TmFtZT1zcF9zZWFyY2hfdGhlbWF0aWM%26psc%3D1
ELEGOO Saturn 4 Ultra Resin 3D Printer,831.99, Yes, 218.88 x 122.88 x 220, MSLA,150,4.4,346 ratings,https://www.amazon.ca/sspa/click?ie=UTF8&spc=MTo3MDU3NzQ0NjA2Njg2ODc6MTcyNzM4MDM5MjpzcF9zZWFyY2hfdGhlbWF0aWM6MzAwMzk5MDE0NDI2NjAyOjozOjo&url=%2FELEGOO-Automatic-Intelligent-WiFi-Transfer-218-88x122-88x220%2Fdp%2FB0D12Q82KC%2Fref%3Dsxin_15_pa_sp_search_thematic_sspa%3Fcontent-id%3Damzn1.sym.46621be6-fabe-4126-8501-d32c96c42a24%253Aamzn1.sym.46621be6-fabe-4126-8501-d32c96c42a24%26crid%3D2FEGPDXUL9K1Y%26cv_ct_cx%3D3D%2BPrinters%26dib%3DeyJ2IjoiMSJ9.HJawrJvg-kRWD8B8TUu27lX8CCVs605lAvyvsPwuB3ZBKJJSCP9fFXBCMYlGv6K5x0xVNUdR-f7x0KNbMuxOuQ.4-skHaAJtmDS9fy7H53qRdfxI6TLeu2wQ15PUy1Huxk%26dib_tag%3Dse%26keywords%3D3D%2BPrinters%26pd_rd_i%3DB0D12Q82KC%26pd_rd_r%3D5d0408b0-658c-4b49-97bd-53946e0e76b4%26pd_rd_w%3DkH8zb%26pd_rd_wg%3DqyHZz%26pf_rd_p%3D46621be6-fabe-4126-8501-d32c96c42a24%26pf_rd_r%3D3MB69SWSJANE7ZVBS4Y2%26qid%3D1727380392%26sbo%3DRZvfv%252F%252FHxDF%252BO5021pAnSA%253D%253D%26sprefix%3D3d%2Bprinters%252Caps%252C146%26sr%3D1-4-acb80629-ce74-4cc5-9423-11e8801573fb-spons%26sp_csd%3Dd2lkZ2V0TmFtZT1zcF9zZWFyY2hfdGhlbWF0aWM%26psc%3D1
AnkerMake M5C 3D Printer,369.95, Yes, 220 x 220 x 250, FDM,500,4.3,371 ratings,https://www.amazon.ca/sspa/click?ie=UTF8&spc=MTo3MDU3NzQ0NjA2Njg2ODc6MTcyNzM4MDM5MjpzcF9zZWFyY2hfdGhlbWF0aWM6MzAwNDMwNTc5NDUwNzAyOjo0Ojo&url=%2FAnkerMake-High-Speed-Multi-Device-Auto-Leveling-220%25C3%2597220%25C3%2597250%2Fdp%2FB0C2HMQB15%2Fref%3Dsxin_15_pa_sp_search_thematic_sspa%3Fcontent-id%3Damzn1.sym.46621be6-fabe-4126-8501-d32c96c42a24%253Aamzn1.sym.46621be6-fabe-4126-8501-d32c96c42a24%26crid%3D2FEGPDXUL9K1Y%26cv_ct_cx%3D3D%2BPrinters%26dib%3DeyJ2IjoiMSJ9.HJawrJvg-kRWD8B8TUu27lX8CCVs605lAvyvsPwuB3ZBKJJSCP9fFXBCMYlGv6K5x0xVNUdR-f7x0KNbMuxOuQ.4-skHaAJtmDS9fy7H53qRdfxI6TLeu2wQ15PUy1Huxk%26dib_tag%3Dse%26keywords%3D3D%2BPrinters%26pd_rd_i%3DB0C2HMQB15%26pd_rd_r%3D5d0408b0-658c-4b49-97bd-53946e0e76b4%26pd_rd_w%3DkH8zb%26pd_rd_wg%3DqyHZz%26pf_rd_p%3D46621be6-fabe-4126-8501-d32c96c42a24%26pf_rd_r%3D3MB69SWSJANE7ZVBS4Y2%26qid%3D1727380392%26sbo%3DRZvfv%252F%252FHxDF%252BO5021pAnSA%253D%253D%26sprefix%3D3d%2Bprinters%252Caps%252C146%26sr%3D1-5-acb80629-ce74-4cc5-9423-11e8801573fb-spons%26sp_csd%3Dd2lkZ2V0TmFtZT1zcF9zZWFyY2hfdGhlbWF0aWM%26psc%3D1
AnkerMake M5,559.99, Yes, 300 x 300 x 300, FDM,500,4.1,403 ratings,https://www.amazon.ca/AnkerMake-High-Speed-Beginners-Auto-Leveling-Integrated/dp/B0B79NB686/ref=sr_1_8?crid=2FEGPDXUL9K1Y&dib=eyJ2IjoiMSJ9.LyaBYEwiCDr7WFi1yfwecQpk6Y0Xgt2zD7mGGcGIwUMeA20yeoJW_vCmgf97iLv6h-yRRyYYqOFIFPAH83vaN5Emrw5Q3cXKXTJi_7Hei6sNeROQ9SLrsddpcJwJ2_pw-O-x83plgumMmqD35w8jdHQt-p0IK5bqdfBi0tA2MfzAhIf1dBY69lH2Epp-5ESheImgEm9YTL6L6iMi55nFtiBf2yF4d3kl7Mtxtqitt-mvnZqq6tZ6wY569EsZkG4LM5CLgrTkjWhTyocc91hVSc_GXb9W904w99PsGSeAKH4.LJsUa-wjTrstP--fXeYIQ6LDtpFUUb1AFG-HaMxIp8Q&dib_tag=se&keywords=3D+Printers&qid=1727380392&sprefix=3d+printers%2Caps%2C146&sr=8-8
Entina Mini 3D Printers Tina 2,210, Yes, 99 x 120 x 100, FDM, N/A,4.2,94 ratings,https://www.amazon.ca/Entina-Assembled-Beginners-Removable-Precision/dp/B0B8N5D6GQ/ref=sr_1_9?crid=2FEGPDXUL9K1Y&dib=eyJ2IjoiMSJ9.LyaBYEwiCDr7WFi1yfwecQpk6Y0Xgt2zD7mGGcGIwUMeA20yeoJW_vCmgf97iLv6h-yRRyYYqOFIFPAH83vaN5Emrw5Q3cXKXTJi_7Hei6sNeROQ9SLrsddpcJwJ2_pw-O-x83plgumMmqD35w8jdHQt-p0IK5bqdfBi0tA2MfzAhIf1dBY69lH2Epp-5ESheImgEm9YTL6L6iMi55nFtiBf2yF4d3kl7Mtxtqitt-mvnZqq6tZ6wY569EsZkG4LM5CLgrTkjWhTyocc91hVSc_GXb9W904w99PsGSeAKH4.LJsUa-wjTrstP--fXeYIQ6LDtpFUUb1AFG-HaMxIp8Q&dib_tag=se&keywords=3D+Printers&qid=1727380392&sprefix=3d+printers%2Caps%2C146&sr=8-9
FLASHFORGE Adventurer 5M,549, Yes, 220 x 220 x 220, FDM,600,4.1,66 ratings,https://www.amazon.ca/FLASHFORGE-Adventurer-High-Speed-Structure-Compensation/dp/B0CHJGFVSL/ref=sr_1_10?crid=2FEGPDXUL9K1Y&dib=eyJ2IjoiMSJ9.LyaBYEwiCDr7WFi1yfwecQpk6Y0Xgt2zD7mGGcGIwUMeA20yeoJW_vCmgf97iLv6h-yRRyYYqOFIFPAH83vaN5Emrw5Q3cXKXTJi_7Hei6sNeROQ9SLrsddpcJwJ2_pw-O-x83plgumMmqD35w8jdHQt-p0IK5bqdfBi0tA2MfzAhIf1dBY69lH2Epp-5ESheImgEm9YTL6L6iMi55nFtiBf2yF4d3kl7Mtxtqitt-mvnZqq6tZ6wY569EsZkG4LM5CLgrTkjWhTyocc91hVSc_GXb9W904w99PsGSeAKH4.LJsUa-wjTrstP--fXeYIQ6LDtpFUUb1AFG-HaMxIp8Q&dib_tag=se&keywords=3D+Printers&qid=1727380392&sprefix=3d+printers%2Caps%2C146&sr=8-10
Ender 3 V3 SE,303.97, Yes, 220 x 220 x 250, FDM,250,5,1 rating,https://www.amazon.ca/Creality-Ender-V3-SE-8-66x8-66x9-84inch/dp/B0DD71K9NG/ref=sr_1_11?crid=2FEGPDXUL9K1Y&dib=eyJ2IjoiMSJ9.LyaBYEwiCDr7WFi1yfwecQpk6Y0Xgt2zD7mGGcGIwUMeA20yeoJW_vCmgf97iLv6h-yRRyYYqOFIFPAH83vaN5Emrw5Q3cXKXTJi_7Hei6sNeROQ9SLrsddpcJwJ2_pw-O-x83plgumMmqD35w8jdHQt-p0IK5bqdfBi0tA2MfzAhIf1dBY69lH2Epp-5ESheImgEm9YTL6L6iMi55nFtiBf2yF4d3kl7Mtxtqitt-mvnZqq6tZ6wY569EsZkG4LM5CLgrTkjWhTyocc91hVSc_GXb9W904w99PsGSeAKH4.LJsUa-wjTrstP--fXeYIQ6LDtpFUUb1AFG-HaMxIp8Q&dib_tag=se&keywords=3D+Printers&qid=1727380392&sprefix=3d+printers%2Caps%2C146&sr=8-11
Anycubic Kobra 2 Pro,359, Yes, 220 x 220 x 250, FDM,500,4.1,197 ratings,https://www.amazon.ca/Anycubic-High-Speed-Printing-Computing-Structure/dp/B0CF24TYVT/ref=sr_1_12?crid=2FEGPDXUL9K1Y&dib=eyJ2IjoiMSJ9.LyaBYEwiCDr7WFi1yfwecQpk6Y0Xgt2zD7mGGcGIwUMeA20yeoJW_vCmgf97iLv6h-yRRyYYqOFIFPAH83vaN5Emrw5Q3cXKXTJi_7Hei6sNeROQ9SLrsddpcJwJ2_pw-O-x83plgumMmqD35w8jdHQt-p0IK5bqdfBi0tA2MfzAhIf1dBY69lH2Epp-5ESheImgEm9YTL6L6iMi55nFtiBf2yF4d3kl7Mtxtqitt-mvnZqq6tZ6wY569EsZkG4LM5CLgrTkjWhTyocc91hVSc_GXb9W904w99PsGSeAKH4.LJsUa-wjTrstP--fXeYIQ6LDtpFUUb1AFG-HaMxIp8Q&dib_tag=se&keywords=3D+Printers&qid=1727380392&sprefix=3d+printers%2Caps%2C146&sr=8-12
ANYCUBIC 3D Printer Kobra 2 Neo,359.99, Yes, 220 x 220 x 250, FDM,250,4.1,189 ratings,https://www.amazon.ca/ANYCUBIC-Integrated-Structure-Mainboard-Removable/dp/B0983DV27P/ref=sr_1_13?crid=2FEGPDXUL9K1Y&dib=eyJ2IjoiMSJ9.LyaBYEwiCDr7WFi1yfwecQpk6Y0Xgt2zD7mGGcGIwUMeA20yeoJW_vCmgf97iLv6h-yRRyYYqOFIFPAH83vaN5Emrw5Q3cXKXTJi_7Hei6sNeROQ9SLrsddpcJwJ2_pw-O-x83plgumMmqD35w8jdHQt-p0IK5bqdfBi0tA2MfzAhIf1dBY69lH2Epp-5ESheImgEm9YTL6L6iMi55nFtiBf2yF4d3kl7Mtxtqitt-mvnZqq6tZ6wY569EsZkG4LM5CLgrTkjWhTyocc91hVSc_GXb9W904w99PsGSeAKH4.LJsUa-wjTrstP--fXeYIQ6LDtpFUUb1AFG-HaMxIp8Q&dib_tag=se&keywords=3D+Printers&qid=1727380392&sprefix=3d+printers%2Caps%2C146&sr=8-13
ELEGOO Neptune 3 Pro,335.99, Yes, 225 x 225 x 280, FDM, N/A,4.2,551 ratings,https://aax-us-iad.amazon.com/x/c/JPrAnX131DQ-UVt_AfzLXm4AAAGSL-UKqAEAAAH2AQBvbm9fdHhuX2JpZDMgICBvbm9fdHhuX2ltcDEgICC3_a1v/https://www.amazon.ca/ELEGOO-Dual-Gear-Removable-Capacitive-225x225x280mm/dp/B0BJCQ993L/ref=sxin_23_sbv_search_btf?content-id=amzn1.sym.8d483e07-327c-4aac-8788-cd60359f3dcb%3Aamzn1.sym.8d483e07-327c-4aac-8788-cd60359f3dcb&crid=2FEGPDXUL9K1Y&cv_ct_cx=3D+Printers&dib=eyJ2IjoiMSJ9.yPahst_Af_0NA_xpeDcoyg.6dHoM98awJoiesjN71JXX6rjmT-mDd9ouIh-vTMkqZA&dib_tag=se&keywords=3D+Printers&pd_rd_i=B0BJCQ993L&pd_rd_r=5d0408b0-658c-4b49-97bd-53946e0e76b4&pd_rd_w=VTyiQ&pd_rd_wg=qyHZz&pf_rd_p=8d483e07-327c-4aac-8788-cd60359f3dcb&pf_rd_r=3MB69SWSJANE7ZVBS4Y2&qid=1727380392&sbo=RZvfv%2F%2FHxDF%2BO5021pAnSA%3D%3D&sprefix=3d+printers%2Caps%2C146&sr=1-1-5190daf0-67e3-427c-bea6-c72c1df98776
FLASHFORGE Adventurer 5M Pro,849, yes, 220 x 220 x 220, FDM,600,4.3,53 ratings,https://www.amazon.ca/FLASHFORGE-Adventurer-High-Speed-Detachable-220x220x220mm/dp/B0CHJDYVZ7/ref=sr_1_14?crid=2FEGPDXUL9K1Y&dib=eyJ2IjoiMSJ9.LyaBYEwiCDr7WFi1yfwecQpk6Y0Xgt2zD7mGGcGIwUMeA20yeoJW_vCmgf97iLv6h-yRRyYYqOFIFPAH83vaN5Emrw5Q3cXKXTJi_7Hei6sNeROQ9SLrsddpcJwJ2_pw-O-x83plgumMmqD35w8jdHQt-p0IK5bqdfBi0tA2MfzAhIf1dBY69lH2Epp-5ESheImgEm9YTL6L6iMi55nFtiBf2yF4d3kl7Mtxtqitt-mvnZqq6tZ6wY569EsZkG4LM5CLgrTkjWhTyocc91hVSc_GXb9W904w99PsGSeAKH4.LJsUa-wjTrstP--fXeYIQ6LDtpFUUb1AFG-HaMxIp8Q&dib_tag=se&keywords=3D+Printers&qid=1727380392&sprefix=3d+printers%2Caps%2C146&sr=8-14
QIDI PLUS4 3D Printer,"1,149.00", yes, 305 x 305 x 280, FDM,600,4.8,33 ratings,https://www.amazon.ca/QIDI-High-Speed-Printing-Integrated-Filaments/dp/B0D9PXSH9S/ref=sr_1_15?crid=2FEGPDXUL9K1Y&dib=eyJ2IjoiMSJ9.LyaBYEwiCDr7WFi1yfwecQpk6Y0Xgt2zD7mGGcGIwUMeA20yeoJW_vCmgf97iLv6h-yRRyYYqOFIFPAH83vaN5Emrw5Q3cXKXTJi_7Hei6sNeROQ9SLrsddpcJwJ2_pw-O-x83plgumMmqD35w8jdHQt-p0IK5bqdfBi0tA2MfzAhIf1dBY69lH2Epp-5ESheImgEm9YTL6L6iMi55nFtiBf2yF4d3kl7Mtxtqitt-mvnZqq6tZ6wY569EsZkG4LM5CLgrTkjWhTyocc91hVSc_GXb9W904w99PsGSeAKH4.LJsUa-wjTrstP--fXeYIQ6LDtpFUUb1AFG-HaMxIp8Q&dib_tag=se&keywords=3D+Printers&qid=1727380392&sprefix=3d+printers%2Caps%2C146&sr=8-15
ELEGOO Mars 5 Ultra 9K Resin 3D Printer,537.99, Yes, 153.36 x 77.76 x 165, SLA,150,4.4,857 ratings,https://www.amazon.ca/ELEGOO-Automatic-Intelligent-Detection-WiFi-Transfer/dp/B0D3TMS8DF/ref=sr_1_16?crid=2FEGPDXUL9K1Y&dib=eyJ2IjoiMSJ9.LyaBYEwiCDr7WFi1yfwecQpk6Y0Xgt2zD7mGGcGIwUMeA20yeoJW_vCmgf97iLv6h-yRRyYYqOFIFPAH83vaN5Emrw5Q3cXKXTJi_7Hei6sNeROQ9SLrsddpcJwJ2_pw-O-x83plgumMmqD35w8jdHQt-p0IK5bqdfBi0tA2MfzAhIf1dBY69lH2Epp-5ESheImgEm9YTL6L6iMi55nFtiBf2yF4d3kl7Mtxtqitt-mvnZqq6tZ6wY569EsZkG4LM5CLgrTkjWhTyocc91hVSc_GXb9W904w99PsGSeAKH4.LJsUa-wjTrstP--fXeYIQ6LDtpFUUb1AFG-HaMxIp8Q&dib_tag=se&keywords=3D+Printers&qid=1727380392&sprefix=3d+printers%2Caps%2C146&sr=8-16
QIDI Q1 Pro 3D Printer,719, Yes, 245 x 245 x 240, FDM,600,4.8,14 ratings,https://www.amazon.ca/QIDI-High-Speed-Leveling-Printers-Detection/dp/B0CT318PBF/ref=sr_1_17?crid=2FEGPDXUL9K1Y&dib=eyJ2IjoiMSJ9.LyaBYEwiCDr7WFi1yfwecQpk6Y0Xgt2zD7mGGcGIwUMeA20yeoJW_vCmgf97iLv6h-yRRyYYqOFIFPAH83vaN5Emrw5Q3cXKXTJi_7Hei6sNeROQ9SLrsddpcJwJ2_pw-O-x83plgumMmqD35w8jdHQt-p0IK5bqdfBi0tA2MfzAhIf1dBY69lH2Epp-5ESheImgEm9YTL6L6iMi55nFtiBf2yF4d3kl7Mtxtqitt-mvnZqq6tZ6wY569EsZkG4LM5CLgrTkjWhTyocc91hVSc_GXb9W904w99PsGSeAKH4.LJsUa-wjTrstP--fXeYIQ6LDtpFUUb1AFG-HaMxIp8Q&dib_tag=se&keywords=3D+Printers&qid=1727380392&sprefix=3d+printers%2Caps%2C146&sr=8-17
Voxelab Upgraded Aquila X3 Max,279, Yes, 400 x 400 x 400, FDM,200,3.5,"1,158 ratings",https://www.amazon.ca/Voxelab-Aquila-X3-Max-400%C3%97400%C3%97400mm/dp/B0C7QLWPDC/ref=sr_1_18?crid=2FEGPDXUL9K1Y&dib=eyJ2IjoiMSJ9.LyaBYEwiCDr7WFi1yfwecQpk6Y0Xgt2zD7mGGcGIwUMeA20yeoJW_vCmgf97iLv6h-yRRyYYqOFIFPAH83vaN5Emrw5Q3cXKXTJi_7Hei6sNeROQ9SLrsddpcJwJ2_pw-O-x83plgumMmqD35w8jdHQt-p0IK5bqdfBi0tA2MfzAhIf1dBY69lH2Epp-5ESheImgEm9YTL6L6iMi55nFtiBf2yF4d3kl7Mtxtqitt-mvnZqq6tZ6wY569EsZkG4LM5CLgrTkjWhTyocc91hVSc_GXb9W904w99PsGSeAKH4.LJsUa-wjTrstP--fXeYIQ6LDtpFUUb1AFG-HaMxIp8Q&dib_tag=se&keywords=3D+Printers&qid=1727380392&sprefix=3d+printers%2Caps%2C146&sr=8-18
CRUX1 3D Printer,179, Yes, 180 x 180 x 180, FDM, N/A,2.6,2 ratings,https://www.amazon.ca/TRONXY-Printers-Assembly-Portable-7-08x7-08x7-08/dp/B0CS2FLCN4/ref=sr_1_19?crid=2FEGPDXUL9K1Y&dib=eyJ2IjoiMSJ9.LyaBYEwiCDr7WFi1yfwecQpk6Y0Xgt2zD7mGGcGIwUMeA20yeoJW_vCmgf97iLv6h-yRRyYYqOFIFPAH83vaN5Emrw5Q3cXKXTJi_7Hei6sNeROQ9SLrsddpcJwJ2_pw-O-x83plgumMmqD35w8jdHQt-p0IK5bqdfBi0tA2MfzAhIf1dBY69lH2Epp-5ESheImgEm9YTL6L6iMi55nFtiBf2yF4d3kl7Mtxtqitt-mvnZqq6tZ6wY569EsZkG4LM5CLgrTkjWhTyocc91hVSc_GXb9W904w99PsGSeAKH4.LJsUa-wjTrstP--fXeYIQ6LDtpFUUb1AFG-HaMxIp8Q&dib_tag=se&keywords=3D+Printers&qid=1727380392&sprefix=3d+printers%2Caps%2C146&sr=8-19
Creality Ender 3 Max Neo,439.59, Yes, 300 x 300 x 320, FDM, N/A,3.9,143 ratings,https://www.amazon.ca/Creality-Ender-Max-Neo-Automatic/dp/B0B457L23Q/ref=sr_1_20?crid=2FEGPDXUL9K1Y&dib=eyJ2IjoiMSJ9.LyaBYEwiCDr7WFi1yfwecQpk6Y0Xgt2zD7mGGcGIwUMeA20yeoJW_vCmgf97iLv6h-yRRyYYqOFIFPAH83vaN5Emrw5Q3cXKXTJi_7Hei6sNeROQ9SLrsddpcJwJ2_pw-O-x83plgumMmqD35w8jdHQt-p0IK5bqdfBi0tA2MfzAhIf1dBY69lH2Epp-5ESheImgEm9YTL6L6iMi55nFtiBf2yF4d3kl7Mtxtqitt-mvnZqq6tZ6wY569EsZkG4LM5CLgrTkjWhTyocc91hVSc_GXb9W904w99PsGSeAKH4.LJsUa-wjTrstP--fXeYIQ6LDtpFUUb1AFG-HaMxIp8Q&dib_tag=se&keywords=3D+Printers&qid=1727380392&sprefix=3d+printers%2Caps%2C146&sr=8-20
ELEGOO Mars 4,329.99, Yes, 153.36 x 77.76 x 175, MSLA, N/A,4.4,857 ratings,https://www.amazon.ca/sspa/click?ie=UTF8&spc=MToxMjQ3OTQ5Mzc4MzE2OTEzOjE3MjczODAzOTI6c3BfbXRmOjMwMDA1NTQ2NDQ2MDcwMjo6MDo6&url=%2FELEGOO-Photocuring-Monochrome-153-36x77-76x175-6-04x3-06x6-89%2Fdp%2FB0BKFLY923%2Fref%3Dsr_1_21_sspa%3Fcrid%3D2FEGPDXUL9K1Y%26dib%3DeyJ2IjoiMSJ9.LyaBYEwiCDr7WFi1yfwecQpk6Y0Xgt2zD7mGGcGIwUMeA20yeoJW_vCmgf97iLv6h-yRRyYYqOFIFPAH83vaN5Emrw5Q3cXKXTJi_7Hei6sNeROQ9SLrsddpcJwJ2_pw-O-x83plgumMmqD35w8jdHQt-p0IK5bqdfBi0tA2MfzAhIf1dBY69lH2Epp-5ESheImgEm9YTL6L6iMi55nFtiBf2yF4d3kl7Mtxtqitt-mvnZqq6tZ6wY569EsZkG4LM5CLgrTkjWhTyocc91hVSc_GXb9W904w99PsGSeAKH4.LJsUa-wjTrstP--fXeYIQ6LDtpFUUb1AFG-HaMxIp8Q%26dib_tag%3Dse%26keywords%3D3D%2BPrinters%26qid%3D1727380392%26sprefix%3D3d%2Bprinters%252Caps%252C146%26sr%3D8-21-spons%26sp_csd%3Dd2lkZ2V0TmFtZT1zcF9tdGY%26psc%3D1
AnkerMake M5C,369.95, Yes, 220 x 220 x 250, FDM,500,4.3,371 ratings,https://www.amazon.ca/sspa/click?ie=UTF8&spc=MToxMjQ3OTQ5Mzc4MzE2OTEzOjE3MjczODAzOTI6c3BfbXRmOjMwMDQzMDU3OTQ1MDcwMjo6MDo6&url=%2FAnkerMake-High-Speed-Multi-Device-Auto-Leveling-220%25C3%2597220%25C3%2597250%2Fdp%2FB0C2HMQB15%2Fref%3Dsr_1_22_sspa%3Fcrid%3D2FEGPDXUL9K1Y%26dib%3DeyJ2IjoiMSJ9.LyaBYEwiCDr7WFi1yfwecQpk6Y0Xgt2zD7mGGcGIwUMeA20yeoJW_vCmgf97iLv6h-yRRyYYqOFIFPAH83vaN5Emrw5Q3cXKXTJi_7Hei6sNeROQ9SLrsddpcJwJ2_pw-O-x83plgumMmqD35w8jdHQt-p0IK5bqdfBi0tA2MfzAhIf1dBY69lH2Epp-5ESheImgEm9YTL6L6iMi55nFtiBf2yF4d3kl7Mtxtqitt-mvnZqq6tZ6wY569EsZkG4LM5CLgrTkjWhTyocc91hVSc_GXb9W904w99PsGSeAKH4.LJsUa-wjTrstP--fXeYIQ6LDtpFUUb1AFG-HaMxIp8Q%26dib_tag%3Dse%26keywords%3D3D%2BPrinters%26qid%3D1727380392%26sprefix%3D3d%2Bprinters%252Caps%252C146%26sr%3D8-22-spons%26sp_csd%3Dd2lkZ2V0TmFtZT1zcF9tdGY%26psc%3D1
Anycubic Kobra 2 Pro,359, Yes, 220 x 220 x 250, FDM,500,4.1,197 ratings,https://www.amazon.ca/sspa/click?ie=UTF8&spc=MToxMjQ3OTQ5Mzc4MzE2OTEzOjE3MjczODAzOTI6c3BfbXRmOjMwMDA2MTE1MjgyOTAwMjo6MDo6&url=%2FAnycubic-High-Speed-Printing-Computing-Structure%2Fdp%2FB0CF24TYVT%2Fref%3Dsr_1_23_sspa%3Fcrid%3D2FEGPDXUL9K1Y%26dib%3DeyJ2IjoiMSJ9.LyaBYEwiCDr7WFi1yfwecQpk6Y0Xgt2zD7mGGcGIwUMeA20yeoJW_vCmgf97iLv6h-yRRyYYqOFIFPAH83vaN5Emrw5Q3cXKXTJi_7Hei6sNeROQ9SLrsddpcJwJ2_pw-O-x83plgumMmqD35w8jdHQt-p0IK5bqdfBi0tA2MfzAhIf1dBY69lH2Epp-5ESheImgEm9YTL6L6iMi55nFtiBf2yF4d3kl7Mtxtqitt-mvnZqq6tZ6wY569EsZkG4LM5CLgrTkjWhTyocc91hVSc_GXb9W904w99PsGSeAKH4.LJsUa-wjTrstP--fXeYIQ6LDtpFUUb1AFG-HaMxIp8Q%26dib_tag%3Dse%26keywords%3D3D%2BPrinters%26qid%3D1727380392%26sprefix%3D3d%2Bprinters%252Caps%252C146%26sr%3D8-23-spons%26sp_csd%3Dd2lkZ2V0TmFtZT1zcF9tdGY%26psc%3D1
FLASHFORGE Adventurer 5M Pro,849, Yes, 220 x 220 x 220, FDM,600,4.3,53 ratings,https://www.amazon.ca/sspa/click?ie=UTF8&spc=MToxMjQ3OTQ5Mzc4MzE2OTEzOjE3MjczODAzOTI6c3BfbXRmOjMwMDEzMDk2NzgwNzUwMjo6MDo6&url=%2FFLASHFORGE-Adventurer-High-Speed-Detachable-220x220x220mm%2Fdp%2FB0CHJDYVZ7%2Fref%3Dsr_1_24_sspa%3Fcrid%3D2FEGPDXUL9K1Y%26dib%3DeyJ2IjoiMSJ9.LyaBYEwiCDr7WFi1yfwecQpk6Y0Xgt2zD7mGGcGIwUMeA20yeoJW_vCmgf97iLv6h-yRRyYYqOFIFPAH83vaN5Emrw5Q3cXKXTJi_7Hei6sNeROQ9SLrsddpcJwJ2_pw-O-x83plgumMmqD35w8jdHQt-p0IK5bqdfBi0tA2MfzAhIf1dBY69lH2Epp-5ESheImgEm9YTL6L6iMi55nFtiBf2yF4d3kl7Mtxtqitt-mvnZqq6tZ6wY569EsZkG4LM5CLgrTkjWhTyocc91hVSc_GXb9W904w99PsGSeAKH4.LJsUa-wjTrstP--fXeYIQ6LDtpFUUb1AFG-HaMxIp8Q%26dib_tag%3Dse%26keywords%3D3D%2BPrinters%26qid%3D1727380392%26sprefix%3D3d%2Bprinters%252Caps%252C146%26sr%3D8-24-spons%26sp_csd%3Dd2lkZ2V0TmFtZT1zcF9tdGY%26psc%3D1
ANYCUBIC 3D Printer Kobra 2 Pro,479.99, yes, 220 x 220 x 250, FDM,500,3.7,41 ratings,https://www.amazon.ca/ANYCUBIC-Printing-Precision-Stability-Intelligent/dp/B0BZ42GCV6/ref=sr_1_25?crid=2FEGPDXUL9K1Y&dib=eyJ2IjoiMSJ9.LyaBYEwiCDr7WFi1yfwecQpk6Y0Xgt2zD7mGGcGIwUMeA20yeoJW_vCmgf97iLv6h-yRRyYYqOFIFPAH83vaN5Emrw5Q3cXKXTJi_7Hei6sNeROQ9SLrsddpcJwJ2_pw-O-x83plgumMmqD35w8jdHQt-p0IK5bqdfBi0tA2MfzAhIf1dBY69lH2Epp-5ESheImgEm9YTL6L6iMi55nFtiBf2yF4d3kl7Mtxtqitt-mvnZqq6tZ6wY569EsZkG4LM5CLgrTkjWhTyocc91hVSc_GXb9W904w99PsGSeAKH4.LJsUa-wjTrstP--fXeYIQ6LDtpFUUb1AFG-HaMxIp8Q&dib_tag=se&keywords=3D+Printers&qid=1727380392&sprefix=3d+printers%2Caps%2C146&sr=8-25
R QIDI TECHNOLOGY X-MAX3,"1,199.00", yes, 324 x 324 x 315, FDM,600,4.5,43 ratings,https://www.amazon.ca/QIDI-TECHNOLOGY-Generation-Industrial-12-8x12-8x12-4/dp/B0CBP4Z47W/ref=sr_1_26?crid=2FEGPDXUL9K1Y&dib=eyJ2IjoiMSJ9.LyaBYEwiCDr7WFi1yfwecQpk6Y0Xgt2zD7mGGcGIwUMeA20yeoJW_vCmgf97iLv6h-yRRyYYqOFIFPAH83vaN5Emrw5Q3cXKXTJi_7Hei6sNeROQ9SLrsddpcJwJ2_pw-O-x83plgumMmqD35w8jdHQt-p0IK5bqdfBi0tA2MfzAhIf1dBY69lH2Epp-5ESheImgEm9YTL6L6iMi55nFtiBf2yF4d3kl7Mtxtqitt-mvnZqq6tZ6wY569EsZkG4LM5CLgrTkjWhTyocc91hVSc_GXb9W904w99PsGSeAKH4.LJsUa-wjTrstP--fXeYIQ6LDtpFUUb1AFG-HaMxIp8Q&dib_tag=se&keywords=3D+Printers&qid=1727380392&sprefix=3d+printers%2Caps%2C146&sr=8-26
ANYCUBIC Resin 3D Printer,329.99, Yes, 165.1 x 142.7 x 88.9, LCD, N/A,4.4,"1,031 ratings",https://www.amazon.ca/ANYCUBIC-Photon-Mono-3D-Printer/dp/B08HH329TR/ref=sr_1_27?crid=2FEGPDXUL9K1Y&dib=eyJ2IjoiMSJ9.LyaBYEwiCDr7WFi1yfwecQpk6Y0Xgt2zD7mGGcGIwUMeA20yeoJW_vCmgf97iLv6h-yRRyYYqOFIFPAH83vaN5Emrw5Q3cXKXTJi_7Hei6sNeROQ9SLrsddpcJwJ2_pw-O-x83plgumMmqD35w8jdHQt-p0IK5bqdfBi0tA2MfzAhIf1dBY69lH2Epp-5ESheImgEm9YTL6L6iMi55nFtiBf2yF4d3kl7Mtxtqitt-mvnZqq6tZ6wY569EsZkG4LM5CLgrTkjWhTyocc91hVSc_GXb9W904w99PsGSeAKH4.LJsUa-wjTrstP--fXeYIQ6LDtpFUUb1AFG-HaMxIp8Q&dib_tag=se&keywords=3D+Printers&qid=1727380392&sprefix=3d+printers%2Caps%2C146&sr=8-27
FLASHFORGE Adventurer 5M Pro,849, Yes, 220 x 220 x 220, FDM,600,4.1,85 ratings,https://www.amazon.ca/FLASHFORGE-Adventurer-High-Speed-Multi-Functional-220x220x200mm/dp/B0CJRF7D85/ref=sr_1_28?crid=2FEGPDXUL9K1Y&dib=eyJ2IjoiMSJ9.LyaBYEwiCDr7WFi1yfwecQpk6Y0Xgt2zD7mGGcGIwUMeA20yeoJW_vCmgf97iLv6h-yRRyYYqOFIFPAH83vaN5Emrw5Q3cXKXTJi_7Hei6sNeROQ9SLrsddpcJwJ2_pw-O-x83plgumMmqD35w8jdHQt-p0IK5bqdfBi0tA2MfzAhIf1dBY69lH2Epp-5ESheImgEm9YTL6L6iMi55nFtiBf2yF4d3kl7Mtxtqitt-mvnZqq6tZ6wY569EsZkG4LM5CLgrTkjWhTyocc91hVSc_GXb9W904w99PsGSeAKH4.LJsUa-wjTrstP--fXeYIQ6LDtpFUUb1AFG-HaMxIp8Q&dib_tag=se&keywords=3D+Printers&qid=1727380392&sprefix=3d+printers%2Caps%2C146&sr=8-28
Anycubic 3D Printer Kobra 3,599.99, yes, 250 x 250 x 260, FDM,600,5,1 rating,https://www.amazon.ca/Anycubic-Printing-Adjustable-Touchscreen-Multi-color/dp/B0DHCLRDZQ/ref=sr_1_29?crid=2FEGPDXUL9K1Y&dib=eyJ2IjoiMSJ9.LyaBYEwiCDr7WFi1yfwecQpk6Y0Xgt2zD7mGGcGIwUMeA20yeoJW_vCmgf97iLv6h-yRRyYYqOFIFPAH83vaN5Emrw5Q3cXKXTJi_7Hei6sNeROQ9SLrsddpcJwJ2_pw-O-x83plgumMmqD35w8jdHQt-p0IK5bqdfBi0tA2MfzAhIf1dBY69lH2Epp-5ESheImgEm9YTL6L6iMi55nFtiBf2yF4d3kl7Mtxtqitt-mvnZqq6tZ6wY569EsZkG4LM5CLgrTkjWhTyocc91hVSc_GXb9W904w99PsGSeAKH4.LJsUa-wjTrstP--fXeYIQ6LDtpFUUb1AFG-HaMxIp8Q&dib_tag=se&keywords=3D+Printers&qid=1727380392&sprefix=3d+printers%2Caps%2C146&sr=8-29
ANYCUBIC Photon Mono 2,319.99, Yes, 143 x 89 x 165, SLA, N/A,4.3,668 ratings,https://www.amazon.ca/ANYCUBIC-Monochrome-Upgraded-3820X2400-Resolution/dp/B09FXYSFBV/ref=sr_1_30?crid=2FEGPDXUL9K1Y&dib=eyJ2IjoiMSJ9.LyaBYEwiCDr7WFi1yfwecQpk6Y0Xgt2zD7mGGcGIwUMeA20yeoJW_vCmgf97iLv6h-yRRyYYqOFIFPAH83vaN5Emrw5Q3cXKXTJi_7Hei6sNeROQ9SLrsddpcJwJ2_pw-O-x83plgumMmqD35w8jdHQt-p0IK5bqdfBi0tA2MfzAhIf1dBY69lH2Epp-5ESheImgEm9YTL6L6iMi55nFtiBf2yF4d3kl7Mtxtqitt-mvnZqq6tZ6wY569EsZkG4LM5CLgrTkjWhTyocc91hVSc_GXb9W904w99PsGSeAKH4.LJsUa-wjTrstP--fXeYIQ6LDtpFUUb1AFG-HaMxIp8Q&dib_tag=se&keywords=3D+Printers&qid=1727380392&sprefix=3d+printers%2Caps%2C146&sr=8-30
FLSUN Super Racer SR,389, Yes, 260 x 260 x 330, FDM, N/A,4.3,66 ratings,https://www.amazon.ca/FLSUN-SR-Printing-Leveling-%CE%A6260x330mm/dp/B09YCSMDH5/ref=sr_1_31?crid=2FEGPDXUL9K1Y&dib=eyJ2IjoiMSJ9.LyaBYEwiCDr7WFi1yfwecQpk6Y0Xgt2zD7mGGcGIwUMeA20yeoJW_vCmgf97iLv6h-yRRyYYqOFIFPAH83vaN5Emrw5Q3cXKXTJi_7Hei6sNeROQ9SLrsddpcJwJ2_pw-O-x83plgumMmqD35w8jdHQt-p0IK5bqdfBi0tA2MfzAhIf1dBY69lH2Epp-5ESheImgEm9YTL6L6iMi55nFtiBf2yF4d3kl7Mtxtqitt-mvnZqq6tZ6wY569EsZkG4LM5CLgrTkjWhTyocc91hVSc_GXb9W904w99PsGSeAKH4.LJsUa-wjTrstP--fXeYIQ6LDtpFUUb1AFG-HaMxIp8Q&dib_tag=se&keywords=3D+Printers&qid=1727380392&sprefix=3d+printers%2Caps%2C146&sr=8-31
fangzi Printing Machine,126.3, yes, 100 x 100 x 100, FDM, 10-40,N/A,N/A,https://www.amazon.ca/fangzi-100x100x100mm-Beginners-Household-Education/dp/B0CRR743GJ/ref=sr_1_32?crid=2FEGPDXUL9K1Y&dib=eyJ2IjoiMSJ9.LyaBYEwiCDr7WFi1yfwecQpk6Y0Xgt2zD7mGGcGIwUMeA20yeoJW_vCmgf97iLv6h-yRRyYYqOFIFPAH83vaN5Emrw5Q3cXKXTJi_7Hei6sNeROQ9SLrsddpcJwJ2_pw-O-x83plgumMmqD35w8jdHQt-p0IK5bqdfBi0tA2MfzAhIf1dBY69lH2Epp-5ESheImgEm9YTL6L6iMi55nFtiBf2yF4d3kl7Mtxtqitt-mvnZqq6tZ6wY569EsZkG4LM5CLgrTkjWhTyocc91hVSc_GXb9W904w99PsGSeAKH4.LJsUa-wjTrstP--fXeYIQ6LDtpFUUb1AFG-HaMxIp8Q&dib_tag=se&keywords=3D+Printers&qid=1727380392&sprefix=3d+printers%2Caps%2C146&sr=8-32
Anycubic Kobra 2 Max,759.99, Yes, 500 x 420 x 420, FDM,500,3.3,63 ratings,https://www.amazon.ca/Anycubic-Printing-High-Speed-Vibration-Compensation/dp/B0CD7S18PB/ref=sr_1_33?crid=2FEGPDXUL9K1Y&dib=eyJ2IjoiMSJ9.LyaBYEwiCDr7WFi1yfwecQpk6Y0Xgt2zD7mGGcGIwUMeA20yeoJW_vCmgf97iLv6h-yRRyYYqOFIFPAH83vaN5Emrw5Q3cXKXTJi_7Hei6sNeROQ9SLrsddpcJwJ2_pw-O-x83plgumMmqD35w8jdHQt-p0IK5bqdfBi0tA2MfzAhIf1dBY69lH2Epp-5ESheImgEm9YTL6L6iMi55nFtiBf2yF4d3kl7Mtxtqitt-mvnZqq6tZ6wY569EsZkG4LM5CLgrTkjWhTyocc91hVSc_GXb9W904w99PsGSeAKH4.LJsUa-wjTrstP--fXeYIQ6LDtpFUUb1AFG-HaMxIp8Q&dib_tag=se&keywords=3D+Printers&qid=1727380392&sprefix=3d+printers%2Caps%2C146&sr=8-33
MALYAN M300 Mini Delta,189.99, Yes, 110 x 120 x N/A, FDM, N/A,3,6 ratings,https://www.amazon.ca/MALYAN-M300-Mini-Delta-Printer/dp/B0BCDC5HXG/ref=sr_1_34?crid=2FEGPDXUL9K1Y&dib=eyJ2IjoiMSJ9.LyaBYEwiCDr7WFi1yfwecQpk6Y0Xgt2zD7mGGcGIwUMeA20yeoJW_vCmgf97iLv6h-yRRyYYqOFIFPAH83vaN5Emrw5Q3cXKXTJi_7Hei6sNeROQ9SLrsddpcJwJ2_pw-O-x83plgumMmqD35w8jdHQt-p0IK5bqdfBi0tA2MfzAhIf1dBY69lH2Epp-5ESheImgEm9YTL6L6iMi55nFtiBf2yF4d3kl7Mtxtqitt-mvnZqq6tZ6wY569EsZkG4LM5CLgrTkjWhTyocc91hVSc_GXb9W904w99PsGSeAKH4.LJsUa-wjTrstP--fXeYIQ6LDtpFUUb1AFG-HaMxIp8Q&dib_tag=se&keywords=3D+Printers&qid=1727380392&sprefix=3d+printers%2Caps%2C146&sr=8-34
Anycubic Kobra 3 3D Printer,589.99, Yes, 250 x 250 x 260, FDM,600,N/A,N/A,https://www.amazon.ca/Anycubic-Full-auto-Calibration-Multi-Color-260mm%EF%BC%88Excluding/dp/B0CZL5R5HF/ref=sr_1_35?crid=2FEGPDXUL9K1Y&dib=eyJ2IjoiMSJ9.LyaBYEwiCDr7WFi1yfwecQpk6Y0Xgt2zD7mGGcGIwUMeA20yeoJW_vCmgf97iLv6h-yRRyYYqOFIFPAH83vaN5Emrw5Q3cXKXTJi_7Hei6sNeROQ9SLrsddpcJwJ2_pw-O-x83plgumMmqD35w8jdHQt-p0IK5bqdfBi0tA2MfzAhIf1dBY69lH2Epp-5ESheImgEm9YTL6L6iMi55nFtiBf2yF4d3kl7Mtxtqitt-mvnZqq6tZ6wY569EsZkG4LM5CLgrTkjWhTyocc91hVSc_GXb9W904w99PsGSeAKH4.LJsUa-wjTrstP--fXeYIQ6LDtpFUUb1AFG-HaMxIp8Q&dib_tag=se&keywords=3D+Printers&qid=1727380392&sprefix=3d+printers%2Caps%2C146&sr=8-35
Mini 3D Printer,182.71, Yes, 100 x 100 x 100, FDM, 10 to 40,2.1,5 ratings,https://www.amazon.ca/Mini-Printer-100-240V-Printing-Beginners/dp/B0C6MJCP1P/ref=sr_1_36?crid=2FEGPDXUL9K1Y&dib=eyJ2IjoiMSJ9.LyaBYEwiCDr7WFi1yfwecQpk6Y0Xgt2zD7mGGcGIwUMeA20yeoJW_vCmgf97iLv6h-yRRyYYqOFIFPAH83vaN5Emrw5Q3cXKXTJi_7Hei6sNeROQ9SLrsddpcJwJ2_pw-O-x83plgumMmqD35w8jdHQt-p0IK5bqdfBi0tA2MfzAhIf1dBY69lH2Epp-5ESheImgEm9YTL6L6iMi55nFtiBf2yF4d3kl7Mtxtqitt-mvnZqq6tZ6wY569EsZkG4LM5CLgrTkjWhTyocc91hVSc_GXb9W904w99PsGSeAKH4.LJsUa-wjTrstP--fXeYIQ6LDtpFUUb1AFG-HaMxIp8Q&dib_tag=se&keywords=3D+Printers&qid=1727380392&sprefix=3d+printers%2Caps%2C146&sr=8-36
Sovol SV08,959.99, Yes, 350 x 350 x 345, FDM,700,4,623 ratings,https://www.amazon.ca/Sovol-SV08-Resource-Integrated-13-78x13-78x13-6/dp/B0D5B1DM4N/ref=sr_1_37?crid=2FEGPDXUL9K1Y&dib=eyJ2IjoiMSJ9.LyaBYEwiCDr7WFi1yfwecQpk6Y0Xgt2zD7mGGcGIwUMeA20yeoJW_vCmgf97iLv6h-yRRyYYqOFIFPAH83vaN5Emrw5Q3cXKXTJi_7Hei6sNeROQ9SLrsddpcJwJ2_pw-O-x83plgumMmqD35w8jdHQt-p0IK5bqdfBi0tA2MfzAhIf1dBY69lH2Epp-5ESheImgEm9YTL6L6iMi55nFtiBf2yF4d3kl7Mtxtqitt-mvnZqq6tZ6wY569EsZkG4LM5CLgrTkjWhTyocc91hVSc_GXb9W904w99PsGSeAKH4.LJsUa-wjTrstP--fXeYIQ6LDtpFUUb1AFG-HaMxIp8Q&dib_tag=se&keywords=3D+Printers&qid=1727380392&sprefix=3d+printers%2Caps%2C146&sr=8-37
ELEGOO Saturn 3,662.99, Yes, 218.88 x 122.88 x 260, MSLA, N/A,4.4,346 ratings,https://www.amazon.ca/ELEGOO-Monochrome-Transfer-218-88x122-88x260-8-62x4-84x10-24/dp/B0C5WYQ54M/ref=sr_1_38?crid=2FEGPDXUL9K1Y&dib=eyJ2IjoiMSJ9.LyaBYEwiCDr7WFi1yfwecQpk6Y0Xgt2zD7mGGcGIwUMeA20yeoJW_vCmgf97iLv6h-yRRyYYqOFIFPAH83vaN5Emrw5Q3cXKXTJi_7Hei6sNeROQ9SLrsddpcJwJ2_pw-O-x83plgumMmqD35w8jdHQt-p0IK5bqdfBi0tA2MfzAhIf1dBY69lH2Epp-5ESheImgEm9YTL6L6iMi55nFtiBf2yF4d3kl7Mtxtqitt-mvnZqq6tZ6wY569EsZkG4LM5CLgrTkjWhTyocc91hVSc_GXb9W904w99PsGSeAKH4.LJsUa-wjTrstP--fXeYIQ6LDtpFUUb1AFG-HaMxIp8Q&dib_tag=se&keywords=3D+Printers&qid=1727380392&sprefix=3d+printers%2Caps%2C146&sr=8-38
ANYCUBIC Photon Mono M5s Pro,728.99, yes, 223 x 126 x 200, SLA,120,4.6,56 ratings,https://www.amazon.ca/ANYCUBIC-Printer-Purifier-Printing-Leveling-Free/dp/B0CQC4JRMZ/ref=sr_1_39?crid=2FEGPDXUL9K1Y&dib=eyJ2IjoiMSJ9.LyaBYEwiCDr7WFi1yfwecQpk6Y0Xgt2zD7mGGcGIwUMeA20yeoJW_vCmgf97iLv6h-yRRyYYqOFIFPAH83vaN5Emrw5Q3cXKXTJi_7Hei6sNeROQ9SLrsddpcJwJ2_pw-O-x83plgumMmqD35w8jdHQt-p0IK5bqdfBi0tA2MfzAhIf1dBY69lH2Epp-5ESheImgEm9YTL6L6iMi55nFtiBf2yF4d3kl7Mtxtqitt-mvnZqq6tZ6wY569EsZkG4LM5CLgrTkjWhTyocc91hVSc_GXb9W904w99PsGSeAKH4.LJsUa-wjTrstP--fXeYIQ6LDtpFUUb1AFG-HaMxIp8Q&dib_tag=se&keywords=3D+Printers&qid=1727380392&sprefix=3d+printers%2Caps%2C146&sr=8-39
R QIDI TECHNOLOGY X-Smart3,449, Yes, 175 x 180 x 170, FDM,500,4.2,15 ratings,https://www.amazon.ca/QIDI-TECHNOLOGY-Generation-High-Speed-6-89x7-09x6-69/dp/B0CF1XPH94/ref=sr_1_40?crid=2FEGPDXUL9K1Y&dib=eyJ2IjoiMSJ9.LyaBYEwiCDr7WFi1yfwecQpk6Y0Xgt2zD7mGGcGIwUMeA20yeoJW_vCmgf97iLv6h-yRRyYYqOFIFPAH83vaN5Emrw5Q3cXKXTJi_7Hei6sNeROQ9SLrsddpcJwJ2_pw-O-x83plgumMmqD35w8jdHQt-p0IK5bqdfBi0tA2MfzAhIf1dBY69lH2Epp-5ESheImgEm9YTL6L6iMi55nFtiBf2yF4d3kl7Mtxtqitt-mvnZqq6tZ6wY569EsZkG4LM5CLgrTkjWhTyocc91hVSc_GXb9W904w99PsGSeAKH4.LJsUa-wjTrstP--fXeYIQ6LDtpFUUb1AFG-HaMxIp8Q&dib_tag=se&keywords=3D+Printers&qid=1727380392&sprefix=3d+printers%2Caps%2C146&sr=8-40
MALYAN M200,189.99, Yes, 120 x 120 x 120, FDM, N/A,3.1,5 ratings,https://www.amazon.ca/MALYAN-M200-Mini-Printer-120x120x120mm/dp/B0BL6J3XPK/ref=sr_1_41?crid=2FEGPDXUL9K1Y&dib=eyJ2IjoiMSJ9.LyaBYEwiCDr7WFi1yfwecQpk6Y0Xgt2zD7mGGcGIwUMeA20yeoJW_vCmgf97iLv6h-yRRyYYqOFIFPAH83vaN5Emrw5Q3cXKXTJi_7Hei6sNeROQ9SLrsddpcJwJ2_pw-O-x83plgumMmqD35w8jdHQt-p0IK5bqdfBi0tA2MfzAhIf1dBY69lH2Epp-5ESheImgEm9YTL6L6iMi55nFtiBf2yF4d3kl7Mtxtqitt-mvnZqq6tZ6wY569EsZkG4LM5CLgrTkjWhTyocc91hVSc_GXb9W904w99PsGSeAKH4.LJsUa-wjTrstP--fXeYIQ6LDtpFUUb1AFG-HaMxIp8Q&dib_tag=se&keywords=3D+Printers&qid=1727380392&sprefix=3d+printers%2Caps%2C146&sr=8-41
CRUX 1 Mini 3D Printer,239.99, Yes, 180 x 180 x 180, FDM, N/A,3.9,98 ratings,https://www.amazon.ca/TRONXY-CRUX-Beginners-Impresora-7-09x7-09x7-09inch/dp/B0B38HL3VS/ref=sr_1_42?crid=2FEGPDXUL9K1Y&dib=eyJ2IjoiMSJ9.LyaBYEwiCDr7WFi1yfwecQpk6Y0Xgt2zD7mGGcGIwUMeA20yeoJW_vCmgf97iLv6h-yRRyYYqOFIFPAH83vaN5Emrw5Q3cXKXTJi_7Hei6sNeROQ9SLrsddpcJwJ2_pw-O-x83plgumMmqD35w8jdHQt-p0IK5bqdfBi0tA2MfzAhIf1dBY69lH2Epp-5ESheImgEm9YTL6L6iMi55nFtiBf2yF4d3kl7Mtxtqitt-mvnZqq6tZ6wY569EsZkG4LM5CLgrTkjWhTyocc91hVSc_GXb9W904w99PsGSeAKH4.LJsUa-wjTrstP--fXeYIQ6LDtpFUUb1AFG-HaMxIp8Q&dib_tag=se&keywords=3D+Printers&qid=1727380392&sprefix=3d+printers%2Caps%2C146&sr=8-42
JAYO PLA Filament,46.99, No, N/A, N/A, N/A,4.2,"2,120 ratings",https://www.amazon.ca/Printer-Filament-Multicolor-JAYO-Transparent/dp/B0BY2J99T3/ref=sr_1_43?crid=2FEGPDXUL9K1Y&dib=eyJ2IjoiMSJ9.LyaBYEwiCDr7WFi1yfwecQpk6Y0Xgt2zD7mGGcGIwUMeA20yeoJW_vCmgf97iLv6h-yRRyYYqOFIFPAH83vaN5Emrw5Q3cXKXTJi_7Hei6sNeROQ9SLrsddpcJwJ2_pw-O-x83plgumMmqD35w8jdHQt-p0IK5bqdfBi0tA2MfzAhIf1dBY69lH2Epp-5ESheImgEm9YTL6L6iMi55nFtiBf2yF4d3kl7Mtxtqitt-mvnZqq6tZ6wY569EsZkG4LM5CLgrTkjWhTyocc91hVSc_GXb9W904w99PsGSeAKH4.LJsUa-wjTrstP--fXeYIQ6LDtpFUUb1AFG-HaMxIp8Q&dib_tag=se&keywords=3D+Printers&qid=1727380392&sprefix=3d+printers%2Caps%2C146&sr=8-43
ELEGOO Mars 4 Ultra 9K,339.89, Yes, 153.36 x 77.76 x 165, MSLA, N/A,4,20 ratings,https://www.amazon.ca/ELEGOO-Mars-Ultra-Monochrome-Printing/dp/B0C9HR9BBZ/ref=sr_1_44?crid=2FEGPDXUL9K1Y&dib=eyJ2IjoiMSJ9.LyaBYEwiCDr7WFi1yfwecQpk6Y0Xgt2zD7mGGcGIwUMeA20yeoJW_vCmgf97iLv6h-yRRyYYqOFIFPAH83vaN5Emrw5Q3cXKXTJi_7Hei6sNeROQ9SLrsddpcJwJ2_pw-O-x83plgumMmqD35w8jdHQt-p0IK5bqdfBi0tA2MfzAhIf1dBY69lH2Epp-5ESheImgEm9YTL6L6iMi55nFtiBf2yF4d3kl7Mtxtqitt-mvnZqq6tZ6wY569EsZkG4LM5CLgrTkjWhTyocc91hVSc_GXb9W904w99PsGSeAKH4.LJsUa-wjTrstP--fXeYIQ6LDtpFUUb1AFG-HaMxIp8Q&dib_tag=se&keywords=3D+Printers&qid=1727380392&sprefix=3d+printers%2Caps%2C146&sr=8-44
FlashForge 3D Printer Finder 3,269, Yes, 190 x 195 x 200, FDM, N/A,3.4,53 ratings,https://www.amazon.ca/FlashForge-Platforms-190x195x200mm-Education-Filaments/dp/B09XGVMP3J/ref=sr_1_45?crid=2FEGPDXUL9K1Y&dib=eyJ2IjoiMSJ9.LyaBYEwiCDr7WFi1yfwecQpk6Y0Xgt2zD7mGGcGIwUMeA20yeoJW_vCmgf97iLv6h-yRRyYYqOFIFPAH83vaN5Emrw5Q3cXKXTJi_7Hei6sNeROQ9SLrsddpcJwJ2_pw-O-x83plgumMmqD35w8jdHQt-p0IK5bqdfBi0tA2MfzAhIf1dBY69lH2Epp-5ESheImgEm9YTL6L6iMi55nFtiBf2yF4d3kl7Mtxtqitt-mvnZqq6tZ6wY569EsZkG4LM5CLgrTkjWhTyocc91hVSc_GXb9W904w99PsGSeAKH4.LJsUa-wjTrstP--fXeYIQ6LDtpFUUb1AFG-HaMxIp8Q&dib_tag=se&keywords=3D+Printers&qid=1727380392&sprefix=3d+printers%2Caps%2C146&sr=8-45
DIY 3D Printer Kit,143.89, Yes, 100 x 100 x 100, FDM, 10 to 40,N/A,N/A,https://www.amazon.ca/Printer-Beginners-Printing-Accuracy-Uniform/dp/B0CCSSGVSP/ref=sr_1_46?crid=2FEGPDXUL9K1Y&dib=eyJ2IjoiMSJ9.LyaBYEwiCDr7WFi1yfwecQpk6Y0Xgt2zD7mGGcGIwUMeA20yeoJW_vCmgf97iLv6h-yRRyYYqOFIFPAH83vaN5Emrw5Q3cXKXTJi_7Hei6sNeROQ9SLrsddpcJwJ2_pw-O-x83plgumMmqD35w8jdHQt-p0IK5bqdfBi0tA2MfzAhIf1dBY69lH2Epp-5ESheImgEm9YTL6L6iMi55nFtiBf2yF4d3kl7Mtxtqitt-mvnZqq6tZ6wY569EsZkG4LM5CLgrTkjWhTyocc91hVSc_GXb9W904w99PsGSeAKH4.LJsUa-wjTrstP--fXeYIQ6LDtpFUUb1AFG-HaMxIp8Q&dib_tag=se&keywords=3D+Printers&qid=1727380392&sprefix=3d+printers%2Caps%2C146&sr=8-46
HOYYT 3D Printer,130.49, yes, 100 x 100 x 100, FDM, 10-40,N/A,N/A,https://www.amazon.ca/HOYYT-100x100x100mm-Removable-Beginners-Household/dp/B0DB5VHKBR/ref=sr_1_47?crid=2FEGPDXUL9K1Y&dib=eyJ2IjoiMSJ9.LyaBYEwiCDr7WFi1yfwecQpk6Y0Xgt2zD7mGGcGIwUMeA20yeoJW_vCmgf97iLv6h-yRRyYYqOFIFPAH83vaN5Emrw5Q3cXKXTJi_7Hei6sNeROQ9SLrsddpcJwJ2_pw-O-x83plgumMmqD35w8jdHQt-p0IK5bqdfBi0tA2MfzAhIf1dBY69lH2Epp-5ESheImgEm9YTL6L6iMi55nFtiBf2yF4d3kl7Mtxtqitt-mvnZqq6tZ6wY569EsZkG4LM5CLgrTkjWhTyocc91hVSc_GXb9W904w99PsGSeAKH4.LJsUa-wjTrstP--fXeYIQ6LDtpFUUb1AFG-HaMxIp8Q&dib_tag=se&keywords=3D+Printers&qid=1727380392&sprefix=3d+printers%2Caps%2C146&sr=8-47
MALYAN MA10-Mini,209.99, yes, 200 x 200 x 200, FDM, N/A,3.4,18 ratings,https://www.amazon.ca/MALYAN-MA10-Mini-Printer-Protection-200x200x200/dp/B0B5SWG26J/ref=sr_1_48?crid=2FEGPDXUL9K1Y&dib=eyJ2IjoiMSJ9.LyaBYEwiCDr7WFi1yfwecQpk6Y0Xgt2zD7mGGcGIwUMeA20yeoJW_vCmgf97iLv6h-yRRyYYqOFIFPAH83vaN5Emrw5Q3cXKXTJi_7Hei6sNeROQ9SLrsddpcJwJ2_pw-O-x83plgumMmqD35w8jdHQt-p0IK5bqdfBi0tA2MfzAhIf1dBY69lH2Epp-5ESheImgEm9YTL6L6iMi55nFtiBf2yF4d3kl7Mtxtqitt-mvnZqq6tZ6wY569EsZkG4LM5CLgrTkjWhTyocc91hVSc_GXb9W904w99PsGSeAKH4.LJsUa-wjTrstP--fXeYIQ6LDtpFUUb1AFG-HaMxIp8Q&dib_tag=se&keywords=3D+Printers&qid=1727380392&sprefix=3d+printers%2Caps%2C146&sr=8-48
3D Printer Enclosures with LED Light,69.99, No, N/A, N/A, N/A,4.5,522 ratings,https://www.amazon.ca/Enclosures-Fireproof-Temperature-Protective-Printer%EF%BC%8825-6/dp/B0CDXCTQP1/ref=sr_1_49?crid=2FEGPDXUL9K1Y&dib=eyJ2IjoiMSJ9.LyaBYEwiCDr7WFi1yfwecQpk6Y0Xgt2zD7mGGcGIwUMeA20yeoJW_vCmgf97iLv6h-yRRyYYqOFIFPAH83vaN5Emrw5Q3cXKXTJi_7Hei6sNeROQ9SLrsddpcJwJ2_pw-O-x83plgumMmqD35w8jdHQt-p0IK5bqdfBi0tA2MfzAhIf1dBY69lH2Epp-5ESheImgEm9YTL6L6iMi55nFtiBf2yF4d3kl7Mtxtqitt-mvnZqq6tZ6wY569EsZkG4LM5CLgrTkjWhTyocc91hVSc_GXb9W904w99PsGSeAKH4.LJsUa-wjTrstP--fXeYIQ6LDtpFUUb1AFG-HaMxIp8Q&dib_tag=se&keywords=3D+Printers&qid=1727380392&sprefix=3d+printers%2Caps%2C146&sr=8-49
JG MAKER R1,259, yes, 230 x 230 x 250, FDM, N/A,3.8,496 ratings,https://www.amazon.ca/JG-MAKER-R1-Auto-Leveling-9-06x9-06x9-84in/dp/B0CDPQ6PSL/ref=sr_1_50?crid=2FEGPDXUL9K1Y&dib=eyJ2IjoiMSJ9.LyaBYEwiCDr7WFi1yfwecQpk6Y0Xgt2zD7mGGcGIwUMeA20yeoJW_vCmgf97iLv6h-yRRyYYqOFIFPAH83vaN5Emrw5Q3cXKXTJi_7Hei6sNeROQ9SLrsddpcJwJ2_pw-O-x83plgumMmqD35w8jdHQt-p0IK5bqdfBi0tA2MfzAhIf1dBY69lH2Epp-5ESheImgEm9YTL6L6iMi55nFtiBf2yF4d3kl7Mtxtqitt-mvnZqq6tZ6wY569EsZkG4LM5CLgrTkjWhTyocc91hVSc_GXb9W904w99PsGSeAKH4.LJsUa-wjTrstP--fXeYIQ6LDtpFUUb1AFG-HaMxIp8Q&dib_tag=se&keywords=3D+Printers&qid=1727380392&sprefix=3d+printers%2Caps%2C146&sr=8-50
Creality K1 Max,89.99, yes, 300 x 300 x 340, FDM,600,2.6,9 ratings,https://www.amazon.ca/Official-Creality-K1-Max-Auto-Leveling/dp/B0CF52G7SJ/ref=sr_1_51?crid=2FEGPDXUL9K1Y&dib=eyJ2IjoiMSJ9.LyaBYEwiCDr7WFi1yfwecQpk6Y0Xgt2zD7mGGcGIwUMeA20yeoJW_vCmgf97iLv6h-yRRyYYqOFIFPAH83vaN5Emrw5Q3cXKXTJi_7Hei6sNeROQ9SLrsddpcJwJ2_pw-O-x83plgumMmqD35w8jdHQt-p0IK5bqdfBi0tA2MfzAhIf1dBY69lH2Epp-5ESheImgEm9YTL6L6iMi55nFtiBf2yF4d3kl7Mtxtqitt-mvnZqq6tZ6wY569EsZkG4LM5CLgrTkjWhTyocc91hVSc_GXb9W904w99PsGSeAKH4.LJsUa-wjTrstP--fXeYIQ6LDtpFUUb1AFG-HaMxIp8Q&dib_tag=se&keywords=3D+Printers&qid=1727380392&sprefix=3d+printers%2Caps%2C146&sr=8-51
TL TENLOG TL-D3 V2,799, yes, 300 x 300 x 350, FDM, N/A,2.8,28 ratings,https://www.amazon.ca/TL-TENLOG-Independent-Detection-11-8x11-8x13-8/dp/B09YCDC47L/ref=sr_1_52?crid=2FEGPDXUL9K1Y&dib=eyJ2IjoiMSJ9.LyaBYEwiCDr7WFi1yfwecQpk6Y0Xgt2zD7mGGcGIwUMeA20yeoJW_vCmgf97iLv6h-yRRyYYqOFIFPAH83vaN5Emrw5Q3cXKXTJi_7Hei6sNeROQ9SLrsddpcJwJ2_pw-O-x83plgumMmqD35w8jdHQt-p0IK5bqdfBi0tA2MfzAhIf1dBY69lH2Epp-5ESheImgEm9YTL6L6iMi55nFtiBf2yF4d3kl7Mtxtqitt-mvnZqq6tZ6wY569EsZkG4LM5CLgrTkjWhTyocc91hVSc_GXb9W904w99PsGSeAKH4.LJsUa-wjTrstP--fXeYIQ6LDtpFUUb1AFG-HaMxIp8Q&dib_tag=se&keywords=3D+Printers&qid=1727380392&sprefix=3d+printers%2Caps%2C146&sr=8-52
MALYAN MA21,399.99, Yes, 200 x 180 x N/A, FDM, N/A,3.4,8 ratings,https://www.amazon.ca/MALYAN-Infinite-Conveyor-Motherboard-Printing/dp/B0B6NLSQZS/ref=sr_1_53?crid=2FEGPDXUL9K1Y&dib=eyJ2IjoiMSJ9.LyaBYEwiCDr7WFi1yfwecQpk6Y0Xgt2zD7mGGcGIwUMeA20yeoJW_vCmgf97iLv6h-yRRyYYqOFIFPAH83vaN5Emrw5Q3cXKXTJi_7Hei6sNeROQ9SLrsddpcJwJ2_pw-O-x83plgumMmqD35w8jdHQt-p0IK5bqdfBi0tA2MfzAhIf1dBY69lH2Epp-5ESheImgEm9YTL6L6iMi55nFtiBf2yF4d3kl7Mtxtqitt-mvnZqq6tZ6wY569EsZkG4LM5CLgrTkjWhTyocc91hVSc_GXb9W904w99PsGSeAKH4.LJsUa-wjTrstP--fXeYIQ6LDtpFUUb1AFG-HaMxIp8Q&dib_tag=se&keywords=3D+Printers&qid=1727380392&sprefix=3d+printers%2Caps%2C146&sr=8-53
Resin 3D Printer Case with Ventilation Filter,112.4, No, N/A, N/A, N/A,N/A,N/A,https://www.amazon.ca/Ventilation-Extraction-Dustproof-Temperature-Protection/dp/B0D98MDDXS/ref=sr_1_54?crid=2FEGPDXUL9K1Y&dib=eyJ2IjoiMSJ9.LyaBYEwiCDr7WFi1yfwecQpk6Y0Xgt2zD7mGGcGIwUMeA20yeoJW_vCmgf97iLv6h-yRRyYYqOFIFPAH83vaN5Emrw5Q3cXKXTJi_7Hei6sNeROQ9SLrsddpcJwJ2_pw-O-x83plgumMmqD35w8jdHQt-p0IK5bqdfBi0tA2MfzAhIf1dBY69lH2Epp-5ESheImgEm9YTL6L6iMi55nFtiBf2yF4d3kl7Mtxtqitt-mvnZqq6tZ6wY569EsZkG4LM5CLgrTkjWhTyocc91hVSc_GXb9W904w99PsGSeAKH4.LJsUa-wjTrstP--fXeYIQ6LDtpFUUb1AFG-HaMxIp8Q&dib_tag=se&keywords=3D+Printers&qid=1727380392&sprefix=3d+printers%2Caps%2C146&sr=8-54
FlashForge 3D Printer Creator Pro,299, Yes, 225 x 145 x 150, FDM, N/A,3.4,"1,243 ratings",https://www.amazon.ca/FlashForge-Structure-Optimized-Platform-Extruder/dp/B00I8NM6JO/ref=sr_1_55?crid=2FEGPDXUL9K1Y&dib=eyJ2IjoiMSJ9.LyaBYEwiCDr7WFi1yfwecQpk6Y0Xgt2zD7mGGcGIwUMeA20yeoJW_vCmgf97iLv6h-yRRyYYqOFIFPAH83vaN5Emrw5Q3cXKXTJi_7Hei6sNeROQ9SLrsddpcJwJ2_pw-O-x83plgumMmqD35w8jdHQt-p0IK5bqdfBi0tA2MfzAhIf1dBY69lH2Epp-5ESheImgEm9YTL6L6iMi55nFtiBf2yF4d3kl7Mtxtqitt-mvnZqq6tZ6wY569EsZkG4LM5CLgrTkjWhTyocc91hVSc_GXb9W904w99PsGSeAKH4.LJsUa-wjTrstP--fXeYIQ6LDtpFUUb1AFG-HaMxIp8Q&dib_tag=se&keywords=3D+Printers&qid=1727380392&sprefix=3d+printers%2Caps%2C146&sr=8-55
FLSUN V400,189.99, Yes, 410 x 300 x N/A, FDM,600,4.2,248 ratings,https://www.amazon.ca/FLSUN-Pre-Assembly-Auto-Leveling-260x260x330mm-10-2x10-2x13Inch/dp/B08F39LCG1/ref=sr_1_56?crid=2FEGPDXUL9K1Y&dib=eyJ2IjoiMSJ9.LyaBYEwiCDr7WFi1yfwecQpk6Y0Xgt2zD7mGGcGIwUMeA20yeoJW_vCmgf97iLv6h-yRRyYYqOFIFPAH83vaN5Emrw5Q3cXKXTJi_7Hei6sNeROQ9SLrsddpcJwJ2_pw-O-x83plgumMmqD35w8jdHQt-p0IK5bqdfBi0tA2MfzAhIf1dBY69lH2Epp-5ESheImgEm9YTL6L6iMi55nFtiBf2yF4d3kl7Mtxtqitt-mvnZqq6tZ6wY569EsZkG4LM5CLgrTkjWhTyocc91hVSc_GXb9W904w99PsGSeAKH4.LJsUa-wjTrstP--fXeYIQ6LDtpFUUb1AFG-HaMxIp8Q&dib_tag=se&keywords=3D+Printers&qid=1727380392&sprefix=3d+printers%2Caps%2C146&sr=8-56
ANYCUBIC Photon Mono M7 Pro,889.99, Yes, 222.6 x 126 x 230, SLA,170,4.3,668 ratings,https://www.amazon.ca/sspa/click?ie=UTF8&spc=MToxMjQ3OTQ5Mzc4MzE2OTEzOjE3MjczODAzOTI6c3BfYnRmOjMwMDI0MjUxNDk1OTUwMjo6MDo6&url=%2FANYCUBIC-Printing-LighTurbo-Temperature-Controlled%2Fdp%2FB0CZQTLSR4%2Fref%3Dsr_1_57_sspa%3Fcrid%3D2FEGPDXUL9K1Y%26dib%3DeyJ2IjoiMSJ9.LyaBYEwiCDr7WFi1yfwecQpk6Y0Xgt2zD7mGGcGIwUMeA20yeoJW_vCmgf97iLv6h-yRRyYYqOFIFPAH83vaN5Emrw5Q3cXKXTJi_7Hei6sNeROQ9SLrsddpcJwJ2_pw-O-x83plgumMmqD35w8jdHQt-p0IK5bqdfBi0tA2MfzAhIf1dBY69lH2Epp-5ESheImgEm9YTL6L6iMi55nFtiBf2yF4d3kl7Mtxtqitt-mvnZqq6tZ6wY569EsZkG4LM5CLgrTkjWhTyocc91hVSc_GXb9W904w99PsGSeAKH4.LJsUa-wjTrstP--fXeYIQ6LDtpFUUb1AFG-HaMxIp8Q%26dib_tag%3Dse%26keywords%3D3D%2BPrinters%26qid%3D1727380392%26sprefix%3D3d%2Bprinters%252Caps%252C146%26sr%3D8-57-spons%26sp_csd%3Dd2lkZ2V0TmFtZT1zcF9idGY%26psc%3D1
ELEGOO Saturn 4 Ultra,831.99, Yes, 218.88 x 122.88 x 220, MSLA,150,4.4,346 ratings,https://www.amazon.ca/sspa/click?ie=UTF8&spc=MToxMjQ3OTQ5Mzc4MzE2OTEzOjE3MjczODAzOTI6c3BfYnRmOjMwMDM5OTAxNDQyNjYwMjo6MDo6&url=%2FELEGOO-Automatic-Intelligent-WiFi-Transfer-218-88x122-88x220%2Fdp%2FB0D12Q82KC%2Fref%3Dsr_1_58_sspa%3Fcrid%3D2FEGPDXUL9K1Y%26dib%3DeyJ2IjoiMSJ9.LyaBYEwiCDr7WFi1yfwecQpk6Y0Xgt2zD7mGGcGIwUMeA20yeoJW_vCmgf97iLv6h-yRRyYYqOFIFPAH83vaN5Emrw5Q3cXKXTJi_7Hei6sNeROQ9SLrsddpcJwJ2_pw-O-x83plgumMmqD35w8jdHQt-p0IK5bqdfBi0tA2MfzAhIf1dBY69lH2Epp-5ESheImgEm9YTL6L6iMi55nFtiBf2yF4d3kl7Mtxtqitt-mvnZqq6tZ6wY569EsZkG4LM5CLgrTkjWhTyocc91hVSc_GXb9W904w99PsGSeAKH4.LJsUa-wjTrstP--fXeYIQ6LDtpFUUb1AFG-HaMxIp8Q%26dib_tag%3Dse%26keywords%3D3D%2BPrinters%26qid%3D1727380392%26sprefix%3D3d%2Bprinters%252Caps%252C146%26sr%3D8-58-spons%26sp_csd%3Dd2lkZ2V0TmFtZT1zcF9idGY%26psc%3D1
CRUX 1 Mini 3D Printer,239.99, Yes, 180 x 180 x 180, FDM, N/A,3.9,98 ratings,https://www.amazon.ca/sspa/click?ie=UTF8&spc=MToxMjQ3OTQ5Mzc4MzE2OTEzOjE3MjczODAzOTI6c3BfYnRmOjMwMDE2OTEwODA1OTYwMjo6MDo6&url=%2FTRONXY-CRUX-Beginners-Impresora-7-09x7-09x7-09inch%2Fdp%2FB0B38HL3VS%2Fref%3Dsr_1_59_sspa%3Fcrid%3D2FEGPDXUL9K1Y%26dib%3DeyJ2IjoiMSJ9.LyaBYEwiCDr7WFi1yfwecQpk6Y0Xgt2zD7mGGcGIwUMeA20yeoJW_vCmgf97iLv6h-yRRyYYqOFIFPAH83vaN5Emrw5Q3cXKXTJi_7Hei6sNeROQ9SLrsddpcJwJ2_pw-O-x83plgumMmqD35w8jdHQt-p0IK5bqdfBi0tA2MfzAhIf1dBY69lH2Epp-5ESheImgEm9YTL6L6iMi55nFtiBf2yF4d3kl7Mtxtqitt-mvnZqq6tZ6wY569EsZkG4LM5CLgrTkjWhTyocc91hVSc_GXb9W904w99PsGSeAKH4.LJsUa-wjTrstP--fXeYIQ6LDtpFUUb1AFG-HaMxIp8Q%26dib_tag%3Dse%26keywords%3D3D%2BPrinters%26qid%3D1727380392%26sprefix%3D3d%2Bprinters%252Caps%252C146%26sr%3D8-59-spons%26sp_csd%3Dd2lkZ2V0TmFtZT1zcF9idGY%26psc%3D1
FLASHFORGE Adventurer 5M,549, Yes, 220 x 220 x 220, FDM,600,4.1,66 ratings,https://www.amazon.ca/sspa/click?ie=UTF8&spc=MToxMjQ3OTQ5Mzc4MzE2OTEzOjE3MjczODAzOTI6c3BfYnRmOjMwMDEzMTAyMjMxOTIwMjo6MDo6&url=%2FFLASHFORGE-Adventurer-High-Speed-Structure-Compensation%2Fdp%2FB0CHJGFVSL%2Fref%3Dsr_1_60_sspa%3Fcrid%3D2FEGPDXUL9K1Y%26dib%3DeyJ2IjoiMSJ9.LyaBYEwiCDr7WFi1yfwecQpk6Y0Xgt2zD7mGGcGIwUMeA20yeoJW_vCmgf97iLv6h-yRRyYYqOFIFPAH83vaN5Emrw5Q3cXKXTJi_7Hei6sNeROQ9SLrsddpcJwJ2_pw-O-x83plgumMmqD35w8jdHQt-p0IK5bqdfBi0tA2MfzAhIf1dBY69lH2Epp-5ESheImgEm9YTL6L6iMi55nFtiBf2yF4d3kl7Mtxtqitt-mvnZqq6tZ6wY569EsZkG4LM5CLgrTkjWhTyocc91hVSc_GXb9W904w99PsGSeAKH4.LJsUa-wjTrstP--fXeYIQ6LDtpFUUb1AFG-HaMxIp8Q%26dib_tag%3Dse%26keywords%3D3D%2BPrinters%26qid%3D1727380392%26sprefix%3D3d%2Bprinters%252Caps%252C146%26sr%3D8-60-spons%26sp_csd%3Dd2lkZ2V0TmFtZT1zcF9idGY%26psc%3D1
Brother MFC-J1170DW,219.99, No, N/A, N/A,17,4.2,687 ratings,https://aax-us-iad.amazon.com/x/c/JI1CKrJgpEegqqFpNyEaHbgAAAGSL-UKpAEAAAH2AQBvbm9fdHhuX2JpZDYgICBvbm9fdHhuX2ltcDEgICBJkCUQ/https://www.amazon.ca/Brother-MFC-J1170DW-Wireless-Printing-Scanning/dp/B09WZBX4Z1/ref=sxbs_sbv_search_btf?content-id=amzn1.sym.bedc4dd8-4c25-444f-af1f-5771f5bd1c45%3Aamzn1.sym.bedc4dd8-4c25-444f-af1f-5771f5bd1c45&crid=2FEGPDXUL9K1Y&cv_ct_cx=3D+Printers&dib=eyJ2IjoiMSJ9.LO6m5N43o1DkEp1A_Aun9A.eSOZG1oHYMZWYaQ2_DBjX5jIGapJXF2kMgxZaajgKt8&dib_tag=se&keywords=3D+Printers&pd_rd_i=B09WZBX4Z1&pd_rd_r=d786edcb-613f-4bbd-b684-43a602aecd75&pd_rd_w=NoPXs&pd_rd_wg=mHRj9&pf_rd_p=bedc4dd8-4c25-444f-af1f-5771f5bd1c45&pf_rd_r=3MB69SWSJANE7ZVBS4Y2&qid=1727380392&sbo=RZvfv%2F%2FHxDF%2BO5021pAnSA%3D%3D&sprefix=3d+printers%2Caps%2C146&sr=1-1-a61ee601-6e56-4862-a8a2-1d3da5a5406f
R QIDI TECHNOLOGY X-Smart3,449, yes, 175.5 x 180.3 x 169.5, FDM,500,4.2,15 ratings,https://www.amazon.ca/sspa/click?ie=UTF8&spc=MToxODYyOTYyNzcyNzYxNDc2OjE3MjczODEyOTI6c3BfYXRmX25leHQ6MzAwMDg3MjkyODM4MjAyOjowOjo&url=%2FQIDI-TECHNOLOGY-Generation-High-Speed-6-89x7-09x6-69%2Fdp%2FB0CF1XPH94%2Fref%3Dsr_1_49_sspa%3Fcrid%3D2FEGPDXUL9K1Y%26dib%3DeyJ2IjoiMSJ9.-f5RUL70YY876MvFIZAL-59wmPErKPWx22NEfTuugNt8CcfqOl4ObSs6pZ90Q6MZ8dHSdH0BFpReDtclds6q8ZYA69UWrBIMX9N9TEpESIk.JBLEaFUBGXkn20ODJN3PLx7nV90u0Tj3_SoKXPPTRa4%26dib_tag%3Dse%26keywords%3D3D%2BPrinters%26qid%3D1727381292%26sprefix%3D3d%2Bprinters%252Caps%252C146%26sr%3D8-49-spons%26sp_csd%3Dd2lkZ2V0TmFtZT1zcF9hdGZfbmV4dA%26psc%3D1
ELEGOO Mars 5 Ultra 9K Resin 3D Printer,537.99, Yes, 153.36 x 77.76 x 165, SLA,150,4.4,857 ratings,https://www.amazon.ca/sspa/click?ie=UTF8&spc=MToxODYyOTYyNzcyNzYxNDc2OjE3MjczODEyOTI6c3BfYXRmX25leHQ6MzAwMzU0MjQ3MzMxMTAyOjowOjo&url=%2FELEGOO-Automatic-Intelligent-Detection-WiFi-Transfer%2Fdp%2FB0D3TMS8DF%2Fref%3Dsr_1_50_sspa%3Fcrid%3D2FEGPDXUL9K1Y%26dib%3DeyJ2IjoiMSJ9.-f5RUL70YY876MvFIZAL-59wmPErKPWx22NEfTuugNt8CcfqOl4ObSs6pZ90Q6MZ8dHSdH0BFpReDtclds6q8ZYA69UWrBIMX9N9TEpESIk.JBLEaFUBGXkn20ODJN3PLx7nV90u0Tj3_SoKXPPTRa4%26dib_tag%3Dse%26keywords%3D3D%2BPrinters%26qid%3D1727381292%26sprefix%3D3d%2Bprinters%252Caps%252C146%26sr%3D8-50-spons%26sp_csd%3Dd2lkZ2V0TmFtZT1zcF9hdGZfbmV4dA%26psc%3D1
Anycubic Kobra 2 Max,759.99, Yes, 500 x 420 x 420, FDM,500,3.3,63 ratings,https://www.amazon.ca/sspa/click?ie=UTF8&spc=MToyNzY0MDM4NTIzMDUwNjY3OjE3MjczODEzMjA6c3BfYXRmX25leHQ6MzAwMDk1MzQ5NzE3MTAyOjowOjo&url=%2FAnycubic-Printing-High-Speed-Vibration-Compensation%2Fdp%2FB0CD7S18PB%2Fref%3Dsr_1_51_sspa%3Fcrid%3D2FEGPDXUL9K1Y%26dib%3DeyJ2IjoiMSJ9.-f5RUL70YY876MvFIZAL-59wmPErKPWx22NEfTuugNt8CcfqOl4ObSs6pZ90Q6MZ8dHSdH0BFpReDtclds6q8Y-6wkiyla-MuuuzOj7ofq1ui32HcYYdL-9Qha9eFUGv4eu5jcvJIAZ3icX9P5avtMmzgR8RxpxRMdAUQZE2j5iI76f06Kg7wabnKwz1jUgMBk_6pCA1bYi0ifWlUjHMwEQY7opCDSvnqBylnKmQUN1dA-hh7QpvusZwNeGUBzz-hIwNW5AuzGxGv1EcHmy4W3J6GzGeHXkVDaWnG9n-rHw.jr8xTS_LAUuVRKZ1D0GvUSQaujCUBjLaeUItXUTogdM%26dib_tag%3Dse%26keywords%3D3D%2BPrinters%26qid%3D1727381320%26sprefix%3D3d%2Bprinters%252Caps%252C146%26sr%3D8-51-spons%26sp_csd%3Dd2lkZ2V0TmFtZT1zcF9hdGZfbmV4dA%26psc%3D1
FLASHFORGE Adventurer 5M Pro,849, Yes, 220 x 220 x 220, FDM,600,4.1,85 ratings,https://www.amazon.ca/sspa/click?ie=UTF8&spc=MToyNzY0MDM4NTIzMDUwNjY3OjE3MjczODEzMjA6c3BfYXRmX25leHQ6MzAwMzEzMjg0OTMxODAyOjowOjo&url=%2FFLASHFORGE-Adventurer-High-Speed-Multi-Functional-220x220x200mm%2Fdp%2FB0CJRF7D85%2Fref%3Dsr_1_52_sspa%3Fcrid%3D2FEGPDXUL9K1Y%26dib%3DeyJ2IjoiMSJ9.-f5RUL70YY876MvFIZAL-59wmPErKPWx22NEfTuugNt8CcfqOl4ObSs6pZ90Q6MZ8dHSdH0BFpReDtclds6q8Y-6wkiyla-MuuuzOj7ofq1ui32HcYYdL-9Qha9eFUGv4eu5jcvJIAZ3icX9P5avtMmzgR8RxpxRMdAUQZE2j5iI76f06Kg7wabnKwz1jUgMBk_6pCA1bYi0ifWlUjHMwEQY7opCDSvnqBylnKmQUN1dA-hh7QpvusZwNeGUBzz-hIwNW5AuzGxGv1EcHmy4W3J6GzGeHXkVDaWnG9n-rHw.jr8xTS_LAUuVRKZ1D0GvUSQaujCUBjLaeUItXUTogdM%26dib_tag%3Dse%26keywords%3D3D%2BPrinters%26qid%3D1727381320%26sprefix%3D3d%2Bprinters%252Caps%252C146%26sr%3D8-52-spons%26sp_csd%3Dd2lkZ2V0TmFtZT1zcF9hdGZfbmV4dA%26psc%3D1
3D Printer Filament Bundle,45.99, No, N/A, N/A, N/A,4.2,"2,899 ratings",https://www.amazon.ca/Filament-Multicolor-Blue-Green-Dimensional-Accuracy/dp/B09HTXM88F/ref=sr_1_53?crid=2FEGPDXUL9K1Y&dib=eyJ2IjoiMSJ9.-f5RUL70YY876MvFIZAL-59wmPErKPWx22NEfTuugNt8CcfqOl4ObSs6pZ90Q6MZ8dHSdH0BFpReDtclds6q8Y-6wkiyla-MuuuzOj7ofq1ui32HcYYdL-9Qha9eFUGv4eu5jcvJIAZ3icX9P5avtMmzgR8RxpxRMdAUQZE2j5iI76f06Kg7wabnKwz1jUgMBk_6pCA1bYi0ifWlUjHMwEQY7opCDSvnqBylnKmQUN1dA-hh7QpvusZwNeGUBzz-hIwNW5AuzGxGv1EcHmy4W3J6GzGeHXkVDaWnG9n-rHw.jr8xTS_LAUuVRKZ1D0GvUSQaujCUBjLaeUItXUTogdM&dib_tag=se&keywords=3D+Printers&qid=1727381320&sprefix=3d+printers%2Caps%2C146&sr=8-53
Official Creality Ender 3 V3 KE 3D Printer,459.83, Yes, 220 x 220 x 250, FDM,500,4,7 ratings,https://www.amazon.ca/Official-Creality-Printer-Printing-Smarter/dp/B0CM67ZDYB/ref=sr_1_54?crid=2FEGPDXUL9K1Y&dib=eyJ2IjoiMSJ9.-f5RUL70YY876MvFIZAL-59wmPErKPWx22NEfTuugNt8CcfqOl4ObSs6pZ90Q6MZ8dHSdH0BFpReDtclds6q8Y-6wkiyla-MuuuzOj7ofq1ui32HcYYdL-9Qha9eFUGv4eu5jcvJIAZ3icX9P5avtMmzgR8RxpxRMdAUQZE2j5iI76f06Kg7wabnKwz1jUgMBk_6pCA1bYi0ifWlUjHMwEQY7opCDSvnqBylnKmQUN1dA-hh7QpvusZwNeGUBzz-hIwNW5AuzGxGv1EcHmy4W3J6GzGeHXkVDaWnG9n-rHw.jr8xTS_LAUuVRKZ1D0GvUSQaujCUBjLaeUItXUTogdM&dib_tag=se&keywords=3D+Printers&qid=1727381320&sprefix=3d+printers%2Caps%2C146&sr=8-54
Flashforge Large-Format Guider II 3D Printer,599, Yes, 280 x 250 x 300, FDM, N/A,3.5,5 ratings,https://www.amazon.ca/Flashforge-Large-Format-Wireless-Printing-Wood-Filled/dp/B0B6VXGRDL/ref=sr_1_55?crid=2FEGPDXUL9K1Y&dib=eyJ2IjoiMSJ9.-f5RUL70YY876MvFIZAL-59wmPErKPWx22NEfTuugNt8CcfqOl4ObSs6pZ90Q6MZ8dHSdH0BFpReDtclds6q8Y-6wkiyla-MuuuzOj7ofq1ui32HcYYdL-9Qha9eFUGv4eu5jcvJIAZ3icX9P5avtMmzgR8RxpxRMdAUQZE2j5iI76f06Kg7wabnKwz1jUgMBk_6pCA1bYi0ifWlUjHMwEQY7opCDSvnqBylnKmQUN1dA-hh7QpvusZwNeGUBzz-hIwNW5AuzGxGv1EcHmy4W3J6GzGeHXkVDaWnG9n-rHw.jr8xTS_LAUuVRKZ1D0GvUSQaujCUBjLaeUItXUTogdM&dib_tag=se&keywords=3D+Printers&qid=1727381320&sprefix=3d+printers%2Caps%2C146&sr=8-55
ELEGOO Mars 5 Ultra 9K Resin 3D Printer,537.99, Yes, 153.36 x 77.76 x 165, DLP,150,4.4,857 ratings,https://www.amazon.ca/sspa/click?ie=UTF8&spc=MTo1NDI2NTAxMzY1Nzg0NjQ1OjE3MjczODEzMjA6c3Bfc2VhcmNoX3RoZW1hdGljOjMwMDM1NDI0NzMzMTEwMjo6MDo6&url=%2FELEGOO-Automatic-Intelligent-Detection-WiFi-Transfer%2Fdp%2FB0D3TMS8DF%2Fref%3Dsxin_15_pa_sp_search_thematic_sspa%3Fcontent-id%3Damzn1.sym.ead4008e-f313-4943-84c5-6b44d3477e63%253Aamzn1.sym.ead4008e-f313-4943-84c5-6b44d3477e63%26crid%3D2FEGPDXUL9K1Y%26cv_ct_cx%3D3D%2BPrinters%26dib%3DeyJ2IjoiMSJ9.2sKi1WoI-i9f7mirWrq68XEeEAdfToRdk3Ji19XtALWpiXqjTrF2nKcLa3Jpe1jK6u1tf3vYBxBZzEeyMfTz3Q.lNolJdDdU2Spl_oCxwEIwLSN1EXBnRL86GI8nYnx4j8%26dib_tag%3Dse%26keywords%3D3D%2BPrinters%26pd_rd_i%3DB0D3TMS8DF%26pd_rd_r%3D6ed9ee98-57d3-4dbe-b203-76b9d1f0e7f2%26pd_rd_w%3DfN69u%26pd_rd_wg%3DqeFCT%26pf_rd_p%3Dead4008e-f313-4943-84c5-6b44d3477e63%26pf_rd_r%3DS8T0RK8QCQS1JJ2J1MPK%26qid%3D1727381320%26sbo%3DRZvfv%252F%252FHxDF%252BO5021pAnSA%253D%253D%26sprefix%3D3d%2Bprinters%252Caps%252C146%26sr%3D1-49-1cd13166-e9fe-46a7-89b4-109ca0ed00af-spons%26sp_csd%3Dd2lkZ2V0TmFtZT1zcF9zZWFyY2hfdGhlbWF0aWM%26psc%3D1
ANYCUBIC Kobra 2 Neo,359.99, Yes, 220 x 220 x 250, FDM,250,4,242 ratings,https://www.amazon.ca/sspa/click?ie=UTF8&spc=MTo1NDI2NTAxMzY1Nzg0NjQ1OjE3MjczODEzMjA6c3Bfc2VhcmNoX3RoZW1hdGljOjMwMDA1OTIxODQxNzEwMjo6MTo6&url=%2FANYCUBIC-Leveling-Self-Developed-Removable-8-7x8-7x9-84%2Fdp%2FB09QCNQ2BY%2Fref%3Dsxin_15_pa_sp_search_thematic_sspa%3Fcontent-id%3Damzn1.sym.ead4008e-f313-4943-84c5-6b44d3477e63%253Aamzn1.sym.ead4008e-f313-4943-84c5-6b44d3477e63%26crid%3D2FEGPDXUL9K1Y%26cv_ct_cx%3D3D%2BPrinters%26dib%3DeyJ2IjoiMSJ9.2sKi1WoI-i9f7mirWrq68XEeEAdfToRdk3Ji19XtALWpiXqjTrF2nKcLa3Jpe1jK6u1tf3vYBxBZzEeyMfTz3Q.lNolJdDdU2Spl_oCxwEIwLSN1EXBnRL86GI8nYnx4j8%26dib_tag%3Dse%26keywords%3D3D%2BPrinters%26pd_rd_i%3DB09QCNQ2BY%26pd_rd_r%3D6ed9ee98-57d3-4dbe-b203-76b9d1f0e7f2%26pd_rd_w%3DfN69u%26pd_rd_wg%3DqeFCT%26pf_rd_p%3Dead4008e-f313-4943-84c5-6b44d3477e63%26pf_rd_r%3DS8T0RK8QCQS1JJ2J1MPK%26qid%3D1727381320%26sbo%3DRZvfv%252F%252FHxDF%252BO5021pAnSA%253D%253D%26sprefix%3D3d%2Bprinters%252Caps%252C146%26sr%3D1-50-1cd13166-e9fe-46a7-89b4-109ca0ed00af-spons%26sp_csd%3Dd2lkZ2V0TmFtZT1zcF9zZWFyY2hfdGhlbWF0aWM%26psc%3D1
ANYCUBIC 3D Printer Kobra 2 Plus,699.99, Yes, 320 x 320 x 400, FDM,500,4.1,197 ratings,https://www.amazon.ca/sspa/click?ie=UTF8&spc=MTo1NDI2NTAxMzY1Nzg0NjQ1OjE3MjczODEzMjA6c3Bfc2VhcmNoX3RoZW1hdGljOjMwMDA3MzI3NjM1NDkwMjo6Mjo6&url=%2FANYCUBIC-High-Speed-Printing-Structure-Intelligent%2Fdp%2FB0CD7RTHYQ%2Fref%3Dsxin_15_pa_sp_search_thematic_sspa%3Fcontent-id%3Damzn1.sym.ead4008e-f313-4943-84c5-6b44d3477e63%253Aamzn1.sym.ead4008e-f313-4943-84c5-6b44d3477e63%26crid%3D2FEGPDXUL9K1Y%26cv_ct_cx%3D3D%2BPrinters%26dib%3DeyJ2IjoiMSJ9.2sKi1WoI-i9f7mirWrq68XEeEAdfToRdk3Ji19XtALWpiXqjTrF2nKcLa3Jpe1jK6u1tf3vYBxBZzEeyMfTz3Q.lNolJdDdU2Spl_oCxwEIwLSN1EXBnRL86GI8nYnx4j8%26dib_tag%3Dse%26keywords%3D3D%2BPrinters%26pd_rd_i%3DB0CD7RTHYQ%26pd_rd_r%3D6ed9ee98-57d3-4dbe-b203-76b9d1f0e7f2%26pd_rd_w%3DfN69u%26pd_rd_wg%3DqeFCT%26pf_rd_p%3Dead4008e-f313-4943-84c5-6b44d3477e63%26pf_rd_r%3DS8T0RK8QCQS1JJ2J1MPK%26qid%3D1727381320%26sbo%3DRZvfv%252F%252FHxDF%252BO5021pAnSA%253D%253D%26sprefix%3D3d%2Bprinters%252Caps%252C146%26sr%3D1-51-1cd13166-e9fe-46a7-89b4-109ca0ed00af-spons%26sp_csd%3Dd2lkZ2V0TmFtZT1zcF9zZWFyY2hfdGhlbWF0aWM%26psc%3D1
ELEGOO Mars 4,408.99, Yes, 132.8 x 74.7 x 150, DLP, N/A,4.4,857 ratings,https://www.amazon.ca/sspa/click?ie=UTF8&spc=MTo4MjAwNDUxMzA2NjYzNjk4OjE3MjczODE0MjM6c3BfYXRmX25leHQ6MzAwMDU1NDY0NDYxMTAyOjowOjo&url=%2FELEGOO-Ultra-Quiet-Ultra-Low-132-8x74-7x150mm-5-22x2-94x5-9in%2Fdp%2FB0BKFKNRC6%2Fref%3Dsr_1_97_sspa%3Fcrid%3D2FEGPDXUL9K1Y%26dib%3DeyJ2IjoiMSJ9.SCJxJ1kuzpmTqhjTgxHfEG7jTRLjxo1ug_LDKdLC7MMf7AuaZl_3T09fy4j2ONcVQ_M5RvTsuER7y5j0gR4mB-L_8FIZ8W7G52DNVhST1gw.wNoxoQuvfpRVamAwMjfNbRYZoTRUxwgh3zNGHwcwmPY%26dib_tag%3Dse%26keywords%3D3D%2BPrinters%26qid%3D1727381423%26sprefix%3D3d%2Bprinters%252Caps%252C146%26sr%3D8-97-spons%26sp_csd%3Dd2lkZ2V0TmFtZT1zcF9hdGZfbmV4dA%26psc%3D1
Anycubic Kobra 2 Max,759.99, Yes, 420 x 420 x 500, FDM,500,4,242 ratings,https://www.amazon.ca/sspa/click?ie=UTF8&spc=MTo4MjAwNDUxMzA2NjYzNjk4OjE3MjczODE0MjM6c3BfYXRmX25leHQ6MzAwMTQ0MzI3ODkxODAyOjowOjo&url=%2FAnycubic-Leveling-Dual-Gear-Extruder-Intelligent%2Fdp%2FB0DG8DQFLQ%2Fref%3Dsr_1_98_sspa%3Fcrid%3D2FEGPDXUL9K1Y%26dib%3DeyJ2IjoiMSJ9.SCJxJ1kuzpmTqhjTgxHfEG7jTRLjxo1ug_LDKdLC7MMf7AuaZl_3T09fy4j2ONcVQ_M5RvTsuER7y5j0gR4mB-L_8FIZ8W7G52DNVhST1gw.wNoxoQuvfpRVamAwMjfNbRYZoTRUxwgh3zNGHwcwmPY%26dib_tag%3Dse%26keywords%3D3D%2BPrinters%26qid%3D1727381423%26sprefix%3D3d%2Bprinters%252Caps%252C146%26sr%3D8-98-spons%26sp_csd%3Dd2lkZ2V0TmFtZT1zcF9hdGZfbmV4dA%26psc%3D1
ANYCUBIC Photon Mono M7 Pro,"1,014.99", Yes, 223.5 x 125 x 230, SLA,170,4.6,56 ratings,https://www.amazon.ca/sspa/click?ie=UTF8&spc=MTo4NzEzMDAwODU3MTU3NDE4OjE3MjczODE0NTE6c3BfYXRmX25leHQ6MzAwMzY5MjQ0MjMxODAyOjowOjo&url=%2FANYCUBIC-Photon-Mono-Pro-8-78x4-95x9-05%2Fdp%2FB0CY5MF5BV%2Fref%3Dsr_1_99_sspa%3Fcrid%3D2FEGPDXUL9K1Y%26dib%3DeyJ2IjoiMSJ9.SCJxJ1kuzpmTqhjTgxHfEG7jTRLjxo1ug_LDKdLC7MMf7AuaZl_3T09fy4j2ONcVQ_M5RvTsuER7y5j0gR4mB2rR8y9er3EdWW3WyZF9zdUUQ3oTfcsCK99Gx5t61CCbf4yRdvz03_6SzNd4Dv1_Cqg25W6NoGsr_Geaa_I7rlMSWE_N970lwnP0B7C39gDh4vx_GQE52NOmi6K-KH2ZkqP5rgaoZFZELQB6BOE0Qr94v0A9vmvtViyCvkfa5N3CDms-VuZml5q2YxGly3EOIRanVJtjNjMy2jCW65S6lWc.i_qiVa62yZXEOPoGVGt9FgS06eaKz7XvwJYJGxKVaZg%26dib_tag%3Dse%26keywords%3D3D%2BPrinters%26qid%3D1727381451%26sprefix%3D3d%2Bprinters%252Caps%252C146%26sr%3D8-99-spons%26sp_csd%3Dd2lkZ2V0TmFtZT1zcF9hdGZfbmV4dA%26psc%3D1
ANYCUBIC 3D Printer Kobra 3 Combo,659, Yes, 250 x 250 x 260, FDM,600,4.1,197 ratings,https://www.amazon.ca/sspa/click?ie=UTF8&spc=MTo4NzEzMDAwODU3MTU3NDE4OjE3MjczODE0NTE6c3BfYXRmX25leHQ6MzAwNDA4MDI2ODY1MjAyOjowOjo&url=%2FANYCUBIC-Multicolor-Printing-Filament-Auto-Leveling%2Fdp%2FB0CZKMJD1M%2Fref%3Dsr_1_100_sspa%3Fcrid%3D2FEGPDXUL9K1Y%26dib%3DeyJ2IjoiMSJ9.SCJxJ1kuzpmTqhjTgxHfEG7jTRLjxo1ug_LDKdLC7MMf7AuaZl_3T09fy4j2ONcVQ_M5RvTsuER7y5j0gR4mB2rR8y9er3EdWW3WyZF9zdUUQ3oTfcsCK99Gx5t61CCbf4yRdvz03_6SzNd4Dv1_Cqg25W6NoGsr_Geaa_I7rlMSWE_N970lwnP0B7C39gDh4vx_GQE52NOmi6K-KH2ZkqP5rgaoZFZELQB6BOE0Qr94v0A9vmvtViyCvkfa5N3CDms-VuZml5q2YxGly3EOIRanVJtjNjMy2jCW65S6lWc.i_qiVa62yZXEOPoGVGt9FgS06eaKz7XvwJYJGxKVaZg%26dib_tag%3Dse%26keywords%3D3D%2BPrinters%26qid%3D1727381451%26sprefix%3D3d%2Bprinters%252Caps%252C146%26sr%3D8-100-spons%26sp_csd%3Dd2lkZ2V0TmFtZT1zcF9hdGZfbmV4dA%26psc%3D1
GKtwo Resin 3D Printer,34.58, Yes, 228.6 x 127 x 254, SLA, N/A,4.1,36 ratings,https://www.amazon.ca/Uniformation-Printer-Removal-Screwless-Clamping/dp/B0BCPG3KPS/ref=sr_1_101?crid=2FEGPDXUL9K1Y&dib=eyJ2IjoiMSJ9.SCJxJ1kuzpmTqhjTgxHfEG7jTRLjxo1ug_LDKdLC7MMf7AuaZl_3T09fy4j2ONcVQ_M5RvTsuER7y5j0gR4mB2rR8y9er3EdWW3WyZF9zdUUQ3oTfcsCK99Gx5t61CCbf4yRdvz03_6SzNd4Dv1_Cqg25W6NoGsr_Geaa_I7rlMSWE_N970lwnP0B7C39gDh4vx_GQE52NOmi6K-KH2ZkqP5rgaoZFZELQB6BOE0Qr94v0A9vmvtViyCvkfa5N3CDms-VuZml5q2YxGly3EOIRanVJtjNjMy2jCW65S6lWc.i_qiVa62yZXEOPoGVGt9FgS06eaKz7XvwJYJGxKVaZg&dib_tag=se&keywords=3D+Printers&qid=1727381451&sprefix=3d+printers%2Caps%2C146&sr=8-101
BED WELD - ORIGINAL,33.99, No, N/A, N/A, N/A,4.3,"2,348 ratings",https://www.amazon.ca/Printer-Adhesive-Original-Reduces-Filament/dp/B079984GV5/ref=sr_1_102?crid=2FEGPDXUL9K1Y&dib=eyJ2IjoiMSJ9.SCJxJ1kuzpmTqhjTgxHfEG7jTRLjxo1ug_LDKdLC7MMf7AuaZl_3T09fy4j2ONcVQ_M5RvTsuER7y5j0gR4mB2rR8y9er3EdWW3WyZF9zdUUQ3oTfcsCK99Gx5t61CCbf4yRdvz03_6SzNd4Dv1_Cqg25W6NoGsr_Geaa_I7rlMSWE_N970lwnP0B7C39gDh4vx_GQE52NOmi6K-KH2ZkqP5rgaoZFZELQB6BOE0Qr94v0A9vmvtViyCvkfa5N3CDms-VuZml5q2YxGly3EOIRanVJtjNjMy2jCW65S6lWc.i_qiVa62yZXEOPoGVGt9FgS06eaKz7XvwJYJGxKVaZg&dib_tag=se&keywords=3D+Printers&qid=1727381451&sprefix=3d+printers%2Caps%2C146&sr=8-102
ELEGOO Rapid PETG Filament 1.75mm Black White Red Blue,75.99, No, N/A, N/A,600,4.3,426 ratings,https://www.amazon.ca/ELEGOO-Filament-Printing-Dimensional-Cardboard/dp/B0CMC75YVP/ref=sr_1_103?crid=2FEGPDXUL9K1Y&dib=eyJ2IjoiMSJ9.SCJxJ1kuzpmTqhjTgxHfEG7jTRLjxo1ug_LDKdLC7MMf7AuaZl_3T09fy4j2ONcVQ_M5RvTsuER7y5j0gR4mB2rR8y9er3EdWW3WyZF9zdUUQ3oTfcsCK99Gx5t61CCbf4yRdvz03_6SzNd4Dv1_Cqg25W6NoGsr_Geaa_I7rlMSWE_N970lwnP0B7C39gDh4vx_GQE52NOmi6K-KH2ZkqP5rgaoZFZELQB6BOE0Qr94v0A9vmvtViyCvkfa5N3CDms-VuZml5q2YxGly3EOIRanVJtjNjMy2jCW65S6lWc.i_qiVa62yZXEOPoGVGt9FgS06eaKz7XvwJYJGxKVaZg&dib_tag=se&keywords=3D+Printers&qid=1727381451&sprefix=3d+printers%2Caps%2C146&sr=8-103
ELEGOO Mars 4,408.99, Yes, 132.8 x 74.7 x 150, DLP, N/A,4.4,857 ratings,https://www.amazon.ca/sspa/click?ie=UTF8&spc=MTo0ODkyODU3NDUyMDE1OTk4OjE3MjczODE0NTE6c3Bfc2VhcmNoX3RoZW1hdGljOjMwMDA1NTQ2NDQ2MTEwMjo6MDo6&url=%2FELEGOO-Ultra-Quiet-Ultra-Low-132-8x74-7x150mm-5-22x2-94x5-9in%2Fdp%2FB0BKFKNRC6%2Fref%3Dsxin_15_pa_sp_search_thematic_sspa%3Fcontent-id%3Damzn1.sym.ead4008e-f313-4943-84c5-6b44d3477e63%253Aamzn1.sym.ead4008e-f313-4943-84c5-6b44d3477e63%26crid%3D2FEGPDXUL9K1Y%26cv_ct_cx%3D3D%2BPrinters%26dib%3DeyJ2IjoiMSJ9.ATqbUcw_CQwXPxoREk2rRses-f7npqg8YWFWKpjPkwr7OTpMtXwMuHP1JcPgn0SyjMWAhphRp-jarlYpmIOr_Q.1CAcDOzpCxTNzsOBo_CKS1cysHI4H39j8K7J0gwWLmM%26dib_tag%3Dse%26keywords%3D3D%2BPrinters%26pd_rd_i%3DB0BKFKNRC6%26pd_rd_r%3D04e7ba4f-3d54-4450-9724-acd843a3ee2a%26pd_rd_w%3DyuzPq%26pd_rd_wg%3Dp9GFn%26pf_rd_p%3Dead4008e-f313-4943-84c5-6b44d3477e63%26pf_rd_r%3DTQJN126WCXZN6T9DRMZQ%26qid%3D1727381451%26sbo%3DRZvfv%252F%252FHxDF%252BO5021pAnSA%253D%253D%26sprefix%3D3d%2Bprinters%252Caps%252C146%26sr%3D1-97-1cd13166-e9fe-46a7-89b4-109ca0ed00af-spons%26sp_csd%3Dd2lkZ2V0TmFtZT1zcF9zZWFyY2hfdGhlbWF0aWM%26psc%3D1
ANYCUBIC 3D Printer Kobra 3 Combo,659, Yes, 250 x 250 x 260, FDM,600,4.1,197 ratings,https://www.amazon.ca/sspa/click?ie=UTF8&spc=MTo0ODkyODU3NDUyMDE1OTk4OjE3MjczODE0NTE6c3Bfc2VhcmNoX3RoZW1hdGljOjMwMDQwODAyNjg2NTIwMjo6MTo6&url=%2FANYCUBIC-Multicolor-Printing-Filament-Auto-Leveling%2Fdp%2FB0CZKMJD1M%2Fref%3Dsxin_15_pa_sp_search_thematic_sspa%3Fcontent-id%3Damzn1.sym.ead4008e-f313-4943-84c5-6b44d3477e63%253Aamzn1.sym.ead4008e-f313-4943-84c5-6b44d3477e63%26crid%3D2FEGPDXUL9K1Y%26cv_ct_cx%3D3D%2BPrinters%26dib%3DeyJ2IjoiMSJ9.ATqbUcw_CQwXPxoREk2rRses-f7npqg8YWFWKpjPkwr7OTpMtXwMuHP1JcPgn0SyjMWAhphRp-jarlYpmIOr_Q.1CAcDOzpCxTNzsOBo_CKS1cysHI4H39j8K7J0gwWLmM%26dib_tag%3Dse%26keywords%3D3D%2BPrinters%26pd_rd_i%3DB0CZKMJD1M%26pd_rd_r%3D04e7ba4f-3d54-4450-9724-acd843a3ee2a%26pd_rd_w%3DyuzPq%26pd_rd_wg%3Dp9GFn%26pf_rd_p%3Dead4008e-f313-4943-84c5-6b44d3477e63%26pf_rd_r%3DTQJN126WCXZN6T9DRMZQ%26qid%3D1727381451%26sbo%3DRZvfv%252F%252FHxDF%252BO5021pAnSA%253D%253D%26sprefix%3D3d%2Bprinters%252Caps%252C146%26sr%3D1-98-1cd13166-e9fe-46a7-89b4-109ca0ed00af-spons%26sp_csd%3Dd2lkZ2V0TmFtZT1zcF9zZWFyY2hfdGhlbWF0aWM%26psc%3D1
Anycubic Kobra 2 Plus,629, Yes, 320 x 320 x 400, FDM,500,4,242 ratings,https://www.amazon.ca/sspa/click?ie=UTF8&spc=MTo0ODkyODU3NDUyMDE1OTk4OjE3MjczODE0NTE6c3Bfc2VhcmNoX3RoZW1hdGljOjMwMDEwMzg3OTM1ODcwMjo6Mjo6&url=%2FAnycubic-Printing-High-Speed-Leveling-Dual-Gear%2Fdp%2FB0DG5JT3WB%2Fref%3Dsxin_15_pa_sp_search_thematic_sspa%3Fcontent-id%3Damzn1.sym.ead4008e-f313-4943-84c5-6b44d3477e63%253Aamzn1.sym.ead4008e-f313-4943-84c5-6b44d3477e63%26crid%3D2FEGPDXUL9K1Y%26cv_ct_cx%3D3D%2BPrinters%26dib%3DeyJ2IjoiMSJ9.ATqbUcw_CQwXPxoREk2rRses-f7npqg8YWFWKpjPkwr7OTpMtXwMuHP1JcPgn0SyjMWAhphRp-jarlYpmIOr_Q.1CAcDOzpCxTNzsOBo_CKS1cysHI4H39j8K7J0gwWLmM%26dib_tag%3Dse%26keywords%3D3D%2BPrinters%26pd_rd_i%3DB0DG5JT3WB%26pd_rd_r%3D04e7ba4f-3d54-4450-9724-acd843a3ee2a%26pd_rd_w%3DyuzPq%26pd_rd_wg%3Dp9GFn%26pf_rd_p%3Dead4008e-f313-4943-84c5-6b44d3477e63%26pf_rd_r%3DTQJN126WCXZN6T9DRMZQ%26qid%3D1727381451%26sbo%3DRZvfv%252F%252FHxDF%252BO5021pAnSA%253D%253D%26sprefix%3D3d%2Bprinters%252Caps%252C146%26sr%3D1-99-1cd13166-e9fe-46a7-89b4-109ca0ed00af-spons%26sp_csd%3Dd2lkZ2V0TmFtZT1zcF9zZWFyY2hfdGhlbWF0aWM%26psc%3D1%26smid%3DA1A5FQE7R5RISB
